condition,rank,confidence,precision,recall
CLEAN,1,0.87602400,1.00000000,0.00078740
CLEAN,2,0.87602400,1.00000000,0.00157480
CLEAN,3,0.87423274,1.00000000,0.00236220
CLEAN,4,0.87423274,1.00000000,0.00314961
CLEAN,5,0.87028512,1.00000000,0.00393701
CLEAN,6,0.87028512,1.00000000,0.00472441
CLEAN,7,0.86302335,1.00000000,0.00551181
CLEAN,8,0.86302335,1.00000000,0.00629921
CLEAN,9,0.85794670,1.00000000,0.00708661
CLEAN,10,0.85794670,1.00000000,0.00787402
CLEAN,11,0.85341459,1.00000000,0.00866142
CLEAN,12,0.85341459,1.00000000,0.00944882
CLEAN,13,0.84685501,1.00000000,0.01023622
CLEAN,14,0.84685501,1.00000000,0.01102362
CLEAN,15,0.84094390,1.00000000,0.01181102
CLEAN,16,0.84094390,1.00000000,0.01259843
CLEAN,17,0.83962570,1.00000000,0.01338583
CLEAN,18,0.83962570,1.00000000,0.01417323
CLEAN,19,0.83723494,1.00000000,0.01496063
CLEAN,20,0.83723494,1.00000000,0.01574803
CLEAN,21,0.83701231,1.00000000,0.01653543
CLEAN,22,0.83701231,1.00000000,0.01732283
CLEAN,23,0.82433165,1.00000000,0.01811024
CLEAN,24,0.82433165,1.00000000,0.01889764
CLEAN,25,0.82238945,1.00000000,0.01968504
CLEAN,26,0.82238945,1.00000000,0.02047244
CLEAN,27,0.81729049,1.00000000,0.02125984
CLEAN,28,0.81729049,1.00000000,0.02204724
CLEAN,29,0.80435506,1.00000000,0.02283465
CLEAN,30,0.80435506,1.00000000,0.02362205
CLEAN,31,0.79972003,1.00000000,0.02440945
CLEAN,32,0.79972003,1.00000000,0.02519685
CLEAN,33,0.79841249,1.00000000,0.02598425
CLEAN,34,0.79841249,1.00000000,0.02677165
CLEAN,35,0.79783943,1.00000000,0.02755906
CLEAN,36,0.79783943,1.00000000,0.02834646
CLEAN,37,0.78589287,1.00000000,0.02913386
CLEAN,38,0.78589287,1.00000000,0.02992126
CLEAN,39,0.77867345,1.00000000,0.03070866
CLEAN,40,0.77867345,1.00000000,0.03149606
CLEAN,41,0.75734958,1.00000000,0.03228346
CLEAN,42,0.75734958,1.00000000,0.03307087
CLEAN,43,0.75184288,1.00000000,0.03385827
CLEAN,44,0.75184288,1.00000000,0.03464567
CLEAN,45,0.74976094,1.00000000,0.03543307
CLEAN,46,0.74976094,1.00000000,0.03622047
CLEAN,47,0.74974581,1.00000000,0.03700787
CLEAN,48,0.74974581,1.00000000,0.03779528
CLEAN,49,0.74927015,1.00000000,0.03858268
CLEAN,50,0.74927015,1.00000000,0.03937008
CLEAN,51,0.74791643,1.00000000,0.04015748
CLEAN,52,0.74791643,1.00000000,0.04094488
CLEAN,53,0.74018657,1.00000000,0.04173228
CLEAN,54,0.74018657,1.00000000,0.04251969
CLEAN,55,0.73398908,1.00000000,0.04330709
CLEAN,56,0.73398908,1.00000000,0.04409449
CLEAN,57,0.71006628,1.00000000,0.04488189
CLEAN,58,0.71006628,1.00000000,0.04566929
CLEAN,59,0.70111395,1.00000000,0.04645669
CLEAN,60,0.70111395,1.00000000,0.04724409
CLEAN,61,0.68824026,1.00000000,0.04803150
CLEAN,62,0.68824026,1.00000000,0.04881890
CLEAN,63,0.67578207,1.00000000,0.04960630
CLEAN,64,0.67578207,1.00000000,0.05039370
CLEAN,65,0.67093950,1.00000000,0.05118110
CLEAN,66,0.67093950,1.00000000,0.05196850
CLEAN,67,0.66918822,1.00000000,0.05275591
CLEAN,68,0.66918822,1.00000000,0.05354331
CLEAN,69,0.66609579,1.00000000,0.05433071
CLEAN,70,0.66609579,1.00000000,0.05511811
CLEAN,71,0.66257413,1.00000000,0.05590551
CLEAN,72,0.66257413,1.00000000,0.05669291
CLEAN,73,0.64631738,1.00000000,0.05748031
CLEAN,74,0.64631738,1.00000000,0.05826772
CLEAN,75,0.64477006,1.00000000,0.05905512
CLEAN,76,0.64477006,1.00000000,0.05984252
CLEAN,77,0.63949809,1.00000000,0.06062992
CLEAN,78,0.63949809,1.00000000,0.06141732
CLEAN,79,0.62898330,1.00000000,0.06220472
CLEAN,80,0.62898330,1.00000000,0.06299213
CLEAN,81,0.62588031,1.00000000,0.06377953
CLEAN,82,0.62588031,1.00000000,0.06456693
CLEAN,83,0.62447853,1.00000000,0.06535433
CLEAN,84,0.62447853,1.00000000,0.06614173
CLEAN,85,0.61973385,1.00000000,0.06692913
CLEAN,86,0.61973385,1.00000000,0.06771654
CLEAN,87,0.60425849,1.00000000,0.06850394
CLEAN,88,0.60425849,1.00000000,0.06929134
CLEAN,89,0.59827416,1.00000000,0.07007874
CLEAN,90,0.59827416,1.00000000,0.07086614
CLEAN,91,0.59513532,1.00000000,0.07165354
CLEAN,92,0.59513532,1.00000000,0.07244094
CLEAN,93,0.58595435,1.00000000,0.07322835
CLEAN,94,0.58595435,1.00000000,0.07401575
CLEAN,95,0.57189961,1.00000000,0.07480315
CLEAN,96,0.57189961,1.00000000,0.07559055
CLEAN,97,0.56703364,1.00000000,0.07637795
CLEAN,98,0.56703364,1.00000000,0.07716535
CLEAN,99,0.56283659,1.00000000,0.07795276
CLEAN,100,0.56283659,1.00000000,0.07874016
CLEAN,101,0.55147248,1.00000000,0.07952756
CLEAN,102,0.55147248,1.00000000,0.08031496
CLEAN,103,0.54843357,1.00000000,0.08110236
CLEAN,104,0.54843357,1.00000000,0.08188976
CLEAN,105,0.54792651,1.00000000,0.08267717
CLEAN,106,0.54792651,1.00000000,0.08346457
CLEAN,107,0.54515431,1.00000000,0.08425197
CLEAN,108,0.54515431,1.00000000,0.08503937
CLEAN,109,0.53332090,1.00000000,0.08582677
CLEAN,110,0.53332090,1.00000000,0.08661417
CLEAN,111,0.53076223,1.00000000,0.08740157
CLEAN,112,0.53076223,1.00000000,0.08818898
CLEAN,113,0.51421241,1.00000000,0.08897638
CLEAN,114,0.51421241,1.00000000,0.08976378
CLEAN,115,0.51379252,1.00000000,0.09055118
CLEAN,116,0.51379252,1.00000000,0.09133858
CLEAN,117,0.49196524,1.00000000,0.09212598
CLEAN,118,0.49196524,1.00000000,0.09291339
CLEAN,119,0.49085167,1.00000000,0.09370079
CLEAN,120,0.49085167,1.00000000,0.09448819
CLEAN,121,0.49022393,1.00000000,0.09527559
CLEAN,122,0.49022393,1.00000000,0.09606299
CLEAN,123,0.44181519,1.00000000,0.09685039
CLEAN,124,0.44181519,1.00000000,0.09763780
CLEAN,125,0.43580146,1.00000000,0.09842520
CLEAN,126,0.43580146,1.00000000,0.09921260
CLEAN,127,0.42868168,1.00000000,0.10000000
CLEAN,128,0.42868168,1.00000000,0.10078740
CLEAN,129,0.41054215,1.00000000,0.10157480
CLEAN,130,0.41054215,1.00000000,0.10236220
CLEAN,131,0.40723772,1.00000000,0.10314961
CLEAN,132,0.40723772,1.00000000,0.10393701
CLEAN,133,0.38916115,1.00000000,0.10472441
CLEAN,134,0.38916115,1.00000000,0.10551181
CLEAN,135,0.37700838,1.00000000,0.10629921
CLEAN,136,0.37700838,1.00000000,0.10708661
CLEAN,137,0.37172284,1.00000000,0.10787402
CLEAN,138,0.37172284,1.00000000,0.10866142
CLEAN,139,0.35606461,1.00000000,0.10944882
CLEAN,140,0.35606461,1.00000000,0.11023622
CLEAN,141,0.34544750,1.00000000,0.11102362
CLEAN,142,0.34544750,1.00000000,0.11181102
CLEAN,143,0.32517976,1.00000000,0.11259843
CLEAN,144,0.32517976,1.00000000,0.11338583
CLEAN,145,0.32444669,1.00000000,0.11417323
CLEAN,146,0.32444669,1.00000000,0.11496063
CLEAN,147,0.32405208,1.00000000,0.11574803
CLEAN,148,0.32405208,1.00000000,0.11653543
CLEAN,149,0.32137919,1.00000000,0.11732283
CLEAN,150,0.32137919,1.00000000,0.11811024
CLEAN,151,0.31088322,1.00000000,0.11889764
CLEAN,152,0.31088322,1.00000000,0.11968504
CLEAN,153,0.30927553,1.00000000,0.12047244
CLEAN,154,0.30927553,1.00000000,0.12125984
CLEAN,155,0.30649971,1.00000000,0.12204724
CLEAN,156,0.30649971,1.00000000,0.12283465
CLEAN,157,0.27246921,1.00000000,0.12362205
CLEAN,158,0.27246921,1.00000000,0.12440945
CLEAN,159,0.26621519,1.00000000,0.12519685
CLEAN,160,0.26621519,1.00000000,0.12598425
CLEAN,161,0.26479931,1.00000000,0.12677165
CLEAN,162,0.26479931,1.00000000,0.12755906
CLEAN,163,0.26291632,1.00000000,0.12834646
CLEAN,164,0.26291632,1.00000000,0.12913386
CLEAN,165,0.25858336,1.00000000,0.12992126
CLEAN,166,0.25858336,1.00000000,0.13070866
CLEAN,167,0.25825157,1.00000000,0.13149606
CLEAN,168,0.25825157,1.00000000,0.13228346
CLEAN,169,0.24970014,1.00000000,0.13307087
CLEAN,170,0.24970014,1.00000000,0.13385827
CLEAN,171,0.24671566,1.00000000,0.13464567
CLEAN,172,0.24671566,1.00000000,0.13543307
CLEAN,173,0.24306561,1.00000000,0.13622047
CLEAN,174,0.24306561,1.00000000,0.13700787
CLEAN,175,0.23211184,1.00000000,0.13779528
CLEAN,176,0.23211184,1.00000000,0.13858268
CLEAN,177,0.22287951,1.00000000,0.13937008
CLEAN,178,0.22287951,1.00000000,0.14015748
CLEAN,179,0.22229570,1.00000000,0.14094488
CLEAN,180,0.22229570,1.00000000,0.14173228
CLEAN,181,0.21908555,1.00000000,0.14251969
CLEAN,182,0.21908555,1.00000000,0.14330709
CLEAN,183,0.21722444,1.00000000,0.14409449
CLEAN,184,0.21722444,1.00000000,0.14488189
CLEAN,185,0.21425597,1.00000000,0.14566929
CLEAN,186,0.21425597,1.00000000,0.14645669
CLEAN,187,0.20686733,1.00000000,0.14724409
CLEAN,188,0.20686733,1.00000000,0.14803150
CLEAN,189,0.20607450,1.00000000,0.14881890
CLEAN,190,0.20607450,1.00000000,0.14960630
CLEAN,191,0.20449585,1.00000000,0.15039370
CLEAN,192,0.20449585,1.00000000,0.15118110
CLEAN,193,0.20310763,1.00000000,0.15196850
CLEAN,194,0.20310763,1.00000000,0.15275591
CLEAN,195,0.20295836,1.00000000,0.15354331
CLEAN,196,0.20295836,1.00000000,0.15433071
CLEAN,197,0.19199409,1.00000000,0.15511811
CLEAN,198,0.19199409,1.00000000,0.15590551
CLEAN,199,0.19067460,1.00000000,0.15669291
CLEAN,200,0.19067460,1.00000000,0.15748031
CLEAN,201,0.18814587,1.00000000,0.15826772
CLEAN,202,0.18814587,1.00000000,0.15905512
CLEAN,203,0.18715882,1.00000000,0.15984252
CLEAN,204,0.18715882,1.00000000,0.16062992
CLEAN,205,0.17137387,1.00000000,0.16141732
CLEAN,206,0.17137387,1.00000000,0.16220472
CLEAN,207,0.17123230,1.00000000,0.16299213
CLEAN,208,0.17123230,1.00000000,0.16377953
CLEAN,209,0.17036780,1.00000000,0.16456693
CLEAN,210,0.17036780,1.00000000,0.16535433
CLEAN,211,0.16696504,1.00000000,0.16614173
CLEAN,212,0.16696504,1.00000000,0.16692913
CLEAN,213,0.16655371,1.00000000,0.16771654
CLEAN,214,0.16655371,1.00000000,0.16850394
CLEAN,215,0.16484486,1.00000000,0.16929134
CLEAN,216,0.16484486,1.00000000,0.17007874
CLEAN,217,0.16192451,1.00000000,0.17086614
CLEAN,218,0.16192451,1.00000000,0.17165354
CLEAN,219,0.15754789,1.00000000,0.17244094
CLEAN,220,0.15754789,1.00000000,0.17322835
CLEAN,221,0.15463067,1.00000000,0.17401575
CLEAN,222,0.15463067,1.00000000,0.17480315
CLEAN,223,0.15454605,1.00000000,0.17559055
CLEAN,224,0.15454605,1.00000000,0.17637795
CLEAN,225,0.15374884,1.00000000,0.17716535
CLEAN,226,0.15374884,1.00000000,0.17795276
CLEAN,227,0.15188410,1.00000000,0.17874016
CLEAN,228,0.15188410,1.00000000,0.17952756
CLEAN,229,0.14781064,1.00000000,0.18031496
CLEAN,230,0.14781064,1.00000000,0.18110236
CLEAN,231,0.14486274,1.00000000,0.18188976
CLEAN,232,0.14486274,1.00000000,0.18267717
CLEAN,233,0.14382330,1.00000000,0.18346457
CLEAN,234,0.14382330,1.00000000,0.18425197
CLEAN,235,0.14096044,1.00000000,0.18503937
CLEAN,236,0.14096044,1.00000000,0.18582677
CLEAN,237,0.14089115,1.00000000,0.18661417
CLEAN,238,0.14089115,1.00000000,0.18740157
CLEAN,239,0.14011965,1.00000000,0.18818898
CLEAN,240,0.14011965,1.00000000,0.18897638
CLEAN,241,0.13740633,1.00000000,0.18976378
CLEAN,242,0.13740633,1.00000000,0.19055118
CLEAN,243,0.13577797,1.00000000,0.19133858
CLEAN,244,0.13577797,1.00000000,0.19212598
CLEAN,245,0.13299702,1.00000000,0.19291339
CLEAN,246,0.13299702,1.00000000,0.19370079
CLEAN,247,0.13283988,1.00000000,0.19448819
CLEAN,248,0.13283988,1.00000000,0.19527559
CLEAN,249,0.12676431,1.00000000,0.19606299
CLEAN,250,0.12676431,1.00000000,0.19685039
CLEAN,251,0.12261171,1.00000000,0.19763780
CLEAN,252,0.12261171,1.00000000,0.19842520
CLEAN,253,0.12170997,1.00000000,0.19921260
CLEAN,254,0.12170997,1.00000000,0.20000000
CLEAN,255,0.12159421,1.00000000,0.20078740
CLEAN,256,0.12159421,1.00000000,0.20157480
CLEAN,257,0.11698484,1.00000000,0.20236220
CLEAN,258,0.11698484,1.00000000,0.20314961
CLEAN,259,0.11375140,1.00000000,0.20393701
CLEAN,260,0.11375140,1.00000000,0.20472441
CLEAN,261,0.11312192,1.00000000,0.20551181
CLEAN,262,0.11312192,1.00000000,0.20629921
CLEAN,263,0.11280166,1.00000000,0.20708661
CLEAN,264,0.11280166,1.00000000,0.20787402
CLEAN,265,0.11093804,1.00000000,0.20866142
CLEAN,266,0.11093804,1.00000000,0.20944882
CLEAN,267,0.10989386,1.00000000,0.21023622
CLEAN,268,0.10989386,1.00000000,0.21102362
CLEAN,269,0.10972946,1.00000000,0.21181102
CLEAN,270,0.10972946,1.00000000,0.21259843
CLEAN,271,0.10817969,1.00000000,0.21338583
CLEAN,272,0.10817969,1.00000000,0.21417323
CLEAN,273,0.10090015,1.00000000,0.21496063
CLEAN,274,0.10090015,1.00000000,0.21574803
CLEAN,275,0.10036299,1.00000000,0.21653543
CLEAN,276,0.10036299,1.00000000,0.21732283
CLEAN,277,0.09687282,1.00000000,0.21811024
CLEAN,278,0.09687282,1.00000000,0.21889764
CLEAN,279,0.09111370,1.00000000,0.21968504
CLEAN,280,0.09111370,1.00000000,0.22047244
CLEAN,281,0.09073673,1.00000000,0.22125984
CLEAN,282,0.09073673,1.00000000,0.22204724
CLEAN,283,0.08876716,1.00000000,0.22283465
CLEAN,284,0.08876716,1.00000000,0.22362205
CLEAN,285,0.08815774,1.00000000,0.22440945
CLEAN,286,0.08815774,1.00000000,0.22519685
CLEAN,287,0.08682253,1.00000000,0.22598425
CLEAN,288,0.08682253,1.00000000,0.22677165
CLEAN,289,0.08679719,1.00000000,0.22755906
CLEAN,290,0.08679719,1.00000000,0.22834646
CLEAN,291,0.08504032,1.00000000,0.22913386
CLEAN,292,0.08504032,1.00000000,0.22992126
CLEAN,293,0.08352518,1.00000000,0.23070866
CLEAN,294,0.08352518,1.00000000,0.23149606
CLEAN,295,0.08277793,1.00000000,0.23228346
CLEAN,296,0.08277793,1.00000000,0.23307087
CLEAN,297,0.08250557,1.00000000,0.23385827
CLEAN,298,0.08250557,1.00000000,0.23464567
CLEAN,299,0.08157512,1.00000000,0.23543307
CLEAN,300,0.08157512,1.00000000,0.23622047
CLEAN,301,0.07946969,1.00000000,0.23700787
CLEAN,302,0.07946969,1.00000000,0.23779528
CLEAN,303,0.07898359,1.00000000,0.23858268
CLEAN,304,0.07898359,1.00000000,0.23937008
CLEAN,305,0.07888372,1.00000000,0.24015748
CLEAN,306,0.07888372,1.00000000,0.24094488
CLEAN,307,0.07759518,1.00000000,0.24173228
CLEAN,308,0.07759518,1.00000000,0.24251969
CLEAN,309,0.07666415,1.00000000,0.24330709
CLEAN,310,0.07666415,1.00000000,0.24409449
CLEAN,311,0.07617807,1.00000000,0.24488189
CLEAN,312,0.07617807,1.00000000,0.24566929
CLEAN,313,0.07541279,1.00000000,0.24645669
CLEAN,314,0.07541279,1.00000000,0.24724409
CLEAN,315,0.07452347,1.00000000,0.24803150
CLEAN,316,0.07452347,1.00000000,0.24881890
CLEAN,317,0.07170074,1.00000000,0.24960630
CLEAN,318,0.07170074,1.00000000,0.25039370
CLEAN,319,0.07141562,1.00000000,0.25118110
CLEAN,320,0.07141562,1.00000000,0.25196850
CLEAN,321,0.06981764,1.00000000,0.25275591
CLEAN,322,0.06981764,1.00000000,0.25354331
CLEAN,323,0.06787628,1.00000000,0.25433071
CLEAN,324,0.06787628,1.00000000,0.25511811
CLEAN,325,0.06601331,1.00000000,0.25590551
CLEAN,326,0.06601331,1.00000000,0.25669291
CLEAN,327,0.06475828,1.00000000,0.25748031
CLEAN,328,0.06475828,1.00000000,0.25826772
CLEAN,329,0.06458334,1.00000000,0.25905512
CLEAN,330,0.06458334,1.00000000,0.25984252
CLEAN,331,0.06404518,1.00000000,0.26062992
CLEAN,332,0.06404518,1.00000000,0.26141732
CLEAN,333,0.06259641,1.00000000,0.26220472
CLEAN,334,0.06259641,1.00000000,0.26299213
CLEAN,335,0.06154308,1.00000000,0.26377953
CLEAN,336,0.06154308,1.00000000,0.26456693
CLEAN,337,0.06117866,1.00000000,0.26535433
CLEAN,338,0.06117866,1.00000000,0.26614173
CLEAN,339,0.06109561,1.00000000,0.26692913
CLEAN,340,0.06109561,1.00000000,0.26771654
CLEAN,341,0.06018495,1.00000000,0.26850394
CLEAN,342,0.06018495,1.00000000,0.26929134
CLEAN,343,0.06015173,1.00000000,0.27007874
CLEAN,344,0.06015173,1.00000000,0.27086614
CLEAN,345,0.05957740,1.00000000,0.27165354
CLEAN,346,0.05957740,1.00000000,0.27244094
CLEAN,347,0.05946820,1.00000000,0.27322835
CLEAN,348,0.05946820,1.00000000,0.27401575
CLEAN,349,0.05806074,1.00000000,0.27480315
CLEAN,350,0.05806074,1.00000000,0.27559055
CLEAN,351,0.05193893,1.00000000,0.27637795
CLEAN,352,0.05193893,1.00000000,0.27716535
CLEAN,353,0.05034069,1.00000000,0.27795276
CLEAN,354,0.05034069,1.00000000,0.27874016
CLEAN,355,0.04948866,1.00000000,0.27952756
CLEAN,356,0.04948866,1.00000000,0.28031496
CLEAN,357,0.04841356,1.00000000,0.28110236
CLEAN,358,0.04841356,1.00000000,0.28188976
CLEAN,359,0.04833581,1.00000000,0.28267717
CLEAN,360,0.04833581,1.00000000,0.28346457
CLEAN,361,0.04828377,1.00000000,0.28425197
CLEAN,362,0.04828377,1.00000000,0.28503937
CLEAN,363,0.04794746,1.00000000,0.28582677
CLEAN,364,0.04794746,1.00000000,0.28661417
CLEAN,365,0.04793849,1.00000000,0.28740157
CLEAN,366,0.04793849,1.00000000,0.28818898
CLEAN,367,0.04777564,1.00000000,0.28897638
CLEAN,368,0.04777564,1.00000000,0.28976378
CLEAN,369,0.04627918,1.00000000,0.29055118
CLEAN,370,0.04627918,1.00000000,0.29133858
CLEAN,371,0.04503389,1.00000000,0.29212598
CLEAN,372,0.04503389,1.00000000,0.29291339
CLEAN,373,0.04463221,1.00000000,0.29370079
CLEAN,374,0.04463221,1.00000000,0.29448819
CLEAN,375,0.04453467,1.00000000,0.29527559
CLEAN,376,0.04453467,1.00000000,0.29606299
CLEAN,377,0.04345041,1.00000000,0.29685039
CLEAN,378,0.04345041,1.00000000,0.29763780
CLEAN,379,0.04334491,1.00000000,0.29842520
CLEAN,380,0.04334491,1.00000000,0.29921260
CLEAN,381,0.04275594,1.00000000,0.30000000
CLEAN,382,0.04275594,1.00000000,0.30078740
CLEAN,383,0.04254452,1.00000000,0.30157480
CLEAN,384,0.04254452,1.00000000,0.30236220
CLEAN,385,0.04206168,1.00000000,0.30314961
CLEAN,386,0.04206168,1.00000000,0.30393701
CLEAN,387,0.04156716,1.00000000,0.30472441
CLEAN,388,0.04156716,1.00000000,0.30551181
CLEAN,389,0.04139921,1.00000000,0.30629921
CLEAN,390,0.04139921,1.00000000,0.30708661
CLEAN,391,0.04102565,1.00000000,0.30787402
CLEAN,392,0.04102565,1.00000000,0.30866142
CLEAN,393,0.04086692,1.00000000,0.30944882
CLEAN,394,0.04086692,1.00000000,0.31023622
CLEAN,395,0.03964870,1.00000000,0.31102362
CLEAN,396,0.03964870,1.00000000,0.31181102
CLEAN,397,0.03947457,1.00000000,0.31259843
CLEAN,398,0.03947457,1.00000000,0.31338583
CLEAN,399,0.03772949,1.00000000,0.31417323
CLEAN,400,0.03772949,1.00000000,0.31496063
CLEAN,401,0.03749764,1.00000000,0.31574803
CLEAN,402,0.03749764,1.00000000,0.31653543
CLEAN,403,0.03711497,1.00000000,0.31732283
CLEAN,404,0.03711497,1.00000000,0.31811024
CLEAN,405,0.03611664,1.00000000,0.31889764
CLEAN,406,0.03611664,1.00000000,0.31968504
CLEAN,407,0.03576767,1.00000000,0.32047244
CLEAN,408,0.03576767,1.00000000,0.32125984
CLEAN,409,0.03523927,1.00000000,0.32204724
CLEAN,410,0.03523927,1.00000000,0.32283465
CLEAN,411,0.03470623,1.00000000,0.32362205
CLEAN,412,0.03470623,1.00000000,0.32440945
CLEAN,413,0.03447813,1.00000000,0.32519685
CLEAN,414,0.03447813,1.00000000,0.32598425
CLEAN,415,0.03442012,1.00000000,0.32677165
CLEAN,416,0.03442012,1.00000000,0.32755906
CLEAN,417,0.03440017,1.00000000,0.32834646
CLEAN,418,0.03440017,1.00000000,0.32913386
CLEAN,419,0.03374820,1.00000000,0.32992126
CLEAN,420,0.03374820,1.00000000,0.33070866
CLEAN,421,0.03339902,1.00000000,0.33149606
CLEAN,422,0.03339902,1.00000000,0.33228346
CLEAN,423,0.03305654,1.00000000,0.33307087
CLEAN,424,0.03305654,1.00000000,0.33385827
CLEAN,425,0.03240937,1.00000000,0.33464567
CLEAN,426,0.03240937,1.00000000,0.33543307
CLEAN,427,0.03222745,1.00000000,0.33622047
CLEAN,428,0.03222745,1.00000000,0.33700787
CLEAN,429,0.03179002,1.00000000,0.33779528
CLEAN,430,0.03179002,1.00000000,0.33858268
CLEAN,431,0.03178553,1.00000000,0.33937008
CLEAN,432,0.03178553,1.00000000,0.34015748
CLEAN,433,0.03170331,1.00000000,0.34094488
CLEAN,434,0.03170331,1.00000000,0.34173228
CLEAN,435,0.03140589,1.00000000,0.34251969
CLEAN,436,0.03140589,1.00000000,0.34330709
CLEAN,437,0.03111070,1.00000000,0.34409449
CLEAN,438,0.03111070,1.00000000,0.34488189
CLEAN,439,0.03091552,1.00000000,0.34566929
CLEAN,440,0.03091552,1.00000000,0.34645669
CLEAN,441,0.03083033,1.00000000,0.34724409
CLEAN,442,0.03083033,1.00000000,0.34803150
CLEAN,443,0.02968289,1.00000000,0.34881890
CLEAN,444,0.02968289,1.00000000,0.34960630
CLEAN,445,0.02962168,1.00000000,0.35039370
CLEAN,446,0.02962168,1.00000000,0.35118110
CLEAN,447,0.02921028,1.00000000,0.35196850
CLEAN,448,0.02921028,1.00000000,0.35275591
CLEAN,449,0.02911567,1.00000000,0.35354331
CLEAN,450,0.02911567,1.00000000,0.35433071
CLEAN,451,0.02816989,1.00000000,0.35511811
CLEAN,452,0.02816989,1.00000000,0.35590551
CLEAN,453,0.02806400,1.00000000,0.35669291
CLEAN,454,0.02806400,1.00000000,0.35748031
CLEAN,455,0.02728222,1.00000000,0.35826772
CLEAN,456,0.02728222,1.00000000,0.35905512
CLEAN,457,0.02626963,1.00000000,0.35984252
CLEAN,458,0.02626963,1.00000000,0.36062992
CLEAN,459,0.02616804,1.00000000,0.36141732
CLEAN,460,0.02616804,1.00000000,0.36220472
CLEAN,461,0.02598677,1.00000000,0.36299213
CLEAN,462,0.02598677,1.00000000,0.36377953
CLEAN,463,0.02487028,1.00000000,0.36456693
CLEAN,464,0.02487028,1.00000000,0.36535433
CLEAN,465,0.02485702,1.00000000,0.36614173
CLEAN,466,0.02485702,1.00000000,0.36692913
CLEAN,467,0.02469872,1.00000000,0.36771654
CLEAN,468,0.02469872,1.00000000,0.36850394
CLEAN,469,0.02445284,1.00000000,0.36929134
CLEAN,470,0.02445284,1.00000000,0.37007874
CLEAN,471,0.02445045,1.00000000,0.37086614
CLEAN,472,0.02445045,1.00000000,0.37165354
CLEAN,473,0.02402854,1.00000000,0.37244094
CLEAN,474,0.02402854,1.00000000,0.37322835
CLEAN,475,0.02371880,1.00000000,0.37401575
CLEAN,476,0.02371880,1.00000000,0.37480315
CLEAN,477,0.02225263,1.00000000,0.37559055
CLEAN,478,0.02225263,1.00000000,0.37637795
CLEAN,479,0.02174787,1.00000000,0.37716535
CLEAN,480,0.02174787,1.00000000,0.37795276
CLEAN,481,0.02135654,1.00000000,0.37874016
CLEAN,482,0.02135654,1.00000000,0.37952756
CLEAN,483,0.02122780,1.00000000,0.38031496
CLEAN,484,0.02122780,1.00000000,0.38110236
CLEAN,485,0.02076825,1.00000000,0.38188976
CLEAN,486,0.02076825,1.00000000,0.38267717
CLEAN,487,0.02058103,1.00000000,0.38346457
CLEAN,488,0.02058103,1.00000000,0.38425197
CLEAN,489,0.02049845,1.00000000,0.38503937
CLEAN,490,0.02049845,1.00000000,0.38582677
CLEAN,491,0.02002591,1.00000000,0.38661417
CLEAN,492,0.02002591,1.00000000,0.38740157
CLEAN,493,0.01993049,1.00000000,0.38818898
CLEAN,494,0.01993049,1.00000000,0.38897638
CLEAN,495,0.01977676,1.00000000,0.38976378
CLEAN,496,0.01977676,1.00000000,0.39055118
CLEAN,497,0.01898244,1.00000000,0.39133858
CLEAN,498,0.01898244,1.00000000,0.39212598
CLEAN,499,0.01876439,1.00000000,0.39291339
CLEAN,500,0.01876439,1.00000000,0.39370079
CLEAN,501,0.01824229,1.00000000,0.39448819
CLEAN,502,0.01824229,1.00000000,0.39527559
CLEAN,503,0.01815879,1.00000000,0.39606299
CLEAN,504,0.01815879,1.00000000,0.39685039
CLEAN,505,0.01806062,1.00000000,0.39763780
CLEAN,506,0.01806062,1.00000000,0.39842520
CLEAN,507,0.01780883,1.00000000,0.39921260
CLEAN,508,0.01780883,1.00000000,0.40000000
CLEAN,509,0.01751682,1.00000000,0.40078740
CLEAN,510,0.01751682,1.00000000,0.40157480
CLEAN,511,0.01742239,1.00000000,0.40236220
CLEAN,512,0.01742239,1.00000000,0.40314961
CLEAN,513,0.01735525,1.00000000,0.40393701
CLEAN,514,0.01735525,1.00000000,0.40472441
CLEAN,515,0.01714401,1.00000000,0.40551181
CLEAN,516,0.01714401,1.00000000,0.40629921
CLEAN,517,0.01698431,1.00000000,0.40708661
CLEAN,518,0.01698431,1.00000000,0.40787402
CLEAN,519,0.01683889,1.00000000,0.40866142
CLEAN,520,0.01683889,1.00000000,0.40944882
CLEAN,521,0.01678552,1.00000000,0.41023622
CLEAN,522,0.01678552,1.00000000,0.41102362
CLEAN,523,0.01666037,1.00000000,0.41181102
CLEAN,524,0.01666037,1.00000000,0.41259843
CLEAN,525,0.01650751,1.00000000,0.41338583
CLEAN,526,0.01650751,1.00000000,0.41417323
CLEAN,527,0.01641035,1.00000000,0.41496063
CLEAN,528,0.01641035,1.00000000,0.41574803
CLEAN,529,0.01627270,1.00000000,0.41653543
CLEAN,530,0.01627270,1.00000000,0.41732283
CLEAN,531,0.01587530,1.00000000,0.41811024
CLEAN,532,0.01587530,1.00000000,0.41889764
CLEAN,533,0.01546894,1.00000000,0.41968504
CLEAN,534,0.01546894,1.00000000,0.42047244
CLEAN,535,0.01519627,1.00000000,0.42125984
CLEAN,536,0.01519627,1.00000000,0.42204724
CLEAN,537,0.01513372,1.00000000,0.42283465
CLEAN,538,0.01513372,1.00000000,0.42362205
CLEAN,539,0.01458746,1.00000000,0.42440945
CLEAN,540,0.01458746,1.00000000,0.42519685
CLEAN,541,0.01444761,1.00000000,0.42598425
CLEAN,542,0.01444761,1.00000000,0.42677165
CLEAN,543,0.01439143,1.00000000,0.42755906
CLEAN,544,0.01439143,1.00000000,0.42834646
CLEAN,545,0.01437311,1.00000000,0.42913386
CLEAN,546,0.01437311,1.00000000,0.42992126
CLEAN,547,0.01423730,1.00000000,0.43070866
CLEAN,548,0.01423730,1.00000000,0.43149606
CLEAN,549,0.01384227,1.00000000,0.43228346
CLEAN,550,0.01384227,1.00000000,0.43307087
CLEAN,551,0.01336912,1.00000000,0.43385827
CLEAN,552,0.01336912,1.00000000,0.43464567
CLEAN,553,0.01328709,1.00000000,0.43543307
CLEAN,554,0.01328709,1.00000000,0.43622047
CLEAN,555,0.01305683,1.00000000,0.43700787
CLEAN,556,0.01305683,1.00000000,0.43779528
CLEAN,557,0.01304032,1.00000000,0.43858268
CLEAN,558,0.01304032,1.00000000,0.43937008
CLEAN,559,0.01276760,1.00000000,0.44015748
CLEAN,560,0.01276760,1.00000000,0.44094488
CLEAN,561,0.01275034,1.00000000,0.44173228
CLEAN,562,0.01275034,1.00000000,0.44251969
CLEAN,563,0.01248796,1.00000000,0.44330709
CLEAN,564,0.01248796,1.00000000,0.44409449
CLEAN,565,0.01238577,1.00000000,0.44488189
CLEAN,566,0.01238577,1.00000000,0.44566929
CLEAN,567,0.01232554,1.00000000,0.44645669
CLEAN,568,0.01232554,1.00000000,0.44724409
CLEAN,569,0.01230135,1.00000000,0.44803150
CLEAN,570,0.01230135,1.00000000,0.44881890
CLEAN,571,0.01222381,1.00000000,0.44960630
CLEAN,572,0.01222381,1.00000000,0.45039370
CLEAN,573,0.01212829,1.00000000,0.45118110
CLEAN,574,0.01212829,1.00000000,0.45196850
CLEAN,575,0.01208783,1.00000000,0.45275591
CLEAN,576,0.01208783,1.00000000,0.45354331
CLEAN,577,0.01205208,1.00000000,0.45433071
CLEAN,578,0.01205208,1.00000000,0.45511811
CLEAN,579,0.01192874,1.00000000,0.45590551
CLEAN,580,0.01192874,1.00000000,0.45669291
CLEAN,581,0.01171533,1.00000000,0.45748031
CLEAN,582,0.01171533,1.00000000,0.45826772
CLEAN,583,0.01163566,1.00000000,0.45905512
CLEAN,584,0.01163566,1.00000000,0.45984252
CLEAN,585,0.01158295,1.00000000,0.46062992
CLEAN,586,0.01158295,1.00000000,0.46141732
CLEAN,587,0.01141975,1.00000000,0.46220472
CLEAN,588,0.01141975,1.00000000,0.46299213
CLEAN,589,0.01134151,1.00000000,0.46377953
CLEAN,590,0.01134151,1.00000000,0.46456693
CLEAN,591,0.01118189,1.00000000,0.46535433
CLEAN,592,0.01118189,1.00000000,0.46614173
CLEAN,593,0.01111031,1.00000000,0.46692913
CLEAN,594,0.01111031,1.00000000,0.46771654
CLEAN,595,0.01104316,1.00000000,0.46850394
CLEAN,596,0.01104316,1.00000000,0.46929134
CLEAN,597,0.01100358,1.00000000,0.47007874
CLEAN,598,0.01100358,1.00000000,0.47086614
CLEAN,599,0.01098911,1.00000000,0.47165354
CLEAN,600,0.01098911,1.00000000,0.47244094
CLEAN,601,0.01091524,1.00000000,0.47322835
CLEAN,602,0.01091524,1.00000000,0.47401575
CLEAN,603,0.01084847,1.00000000,0.47480315
CLEAN,604,0.01084847,1.00000000,0.47559055
CLEAN,605,0.01079263,1.00000000,0.47637795
CLEAN,606,0.01079263,1.00000000,0.47716535
CLEAN,607,0.01030879,1.00000000,0.47795276
CLEAN,608,0.01030879,1.00000000,0.47874016
CLEAN,609,0.01022922,1.00000000,0.47952756
CLEAN,610,0.01022922,1.00000000,0.48031496
CLEAN,611,0.01005860,1.00000000,0.48110236
CLEAN,612,0.01005860,1.00000000,0.48188976
CLEAN,613,0.01005813,1.00000000,0.48267717
CLEAN,614,0.01005813,1.00000000,0.48346457
CLEAN,615,0.00994969,1.00000000,0.48425197
CLEAN,616,0.00994969,1.00000000,0.48503937
CLEAN,617,0.00973756,1.00000000,0.48582677
CLEAN,618,0.00973756,1.00000000,0.48661417
CLEAN,619,0.00973061,1.00000000,0.48740157
CLEAN,620,0.00973061,1.00000000,0.48818898
CLEAN,621,0.00966098,1.00000000,0.48897638
CLEAN,622,0.00966098,1.00000000,0.48976378
CLEAN,623,0.00963048,1.00000000,0.49055118
CLEAN,624,0.00963048,1.00000000,0.49133858
CLEAN,625,0.00958462,1.00000000,0.49212598
CLEAN,626,0.00958462,1.00000000,0.49291339
CLEAN,627,0.00935457,1.00000000,0.49370079
CLEAN,628,0.00935457,1.00000000,0.49448819
CLEAN,629,0.00933413,1.00000000,0.49527559
CLEAN,630,0.00933413,1.00000000,0.49606299
CLEAN,631,0.00918496,1.00000000,0.49685039
CLEAN,632,0.00918496,1.00000000,0.49763780
CLEAN,633,0.00915739,1.00000000,0.49842520
CLEAN,634,0.00915739,1.00000000,0.49921260
CLEAN,635,0.00914928,1.00000000,0.50000000
CLEAN,636,0.00914928,1.00000000,0.50078740
CLEAN,637,0.00909017,1.00000000,0.50157480
CLEAN,638,0.00909017,1.00000000,0.50236220
CLEAN,639,0.00905573,1.00000000,0.50314961
CLEAN,640,0.00905573,1.00000000,0.50393701
CLEAN,641,0.00879158,1.00000000,0.50472441
CLEAN,642,0.00879158,1.00000000,0.50551181
CLEAN,643,0.00879062,1.00000000,0.50629921
CLEAN,644,0.00879062,1.00000000,0.50708661
CLEAN,645,0.00875829,1.00000000,0.50787402
CLEAN,646,0.00875829,1.00000000,0.50866142
CLEAN,647,0.00869817,1.00000000,0.50944882
CLEAN,648,0.00869817,1.00000000,0.51023622
CLEAN,649,0.00864389,1.00000000,0.51102362
CLEAN,650,0.00864389,1.00000000,0.51181102
CLEAN,651,0.00837913,1.00000000,0.51259843
CLEAN,652,0.00837913,1.00000000,0.51338583
CLEAN,653,0.00830292,1.00000000,0.51417323
CLEAN,654,0.00830292,1.00000000,0.51496063
CLEAN,655,0.00801536,1.00000000,0.51574803
CLEAN,656,0.00801536,1.00000000,0.51653543
CLEAN,657,0.00795077,1.00000000,0.51732283
CLEAN,658,0.00795077,1.00000000,0.51811024
CLEAN,659,0.00774847,1.00000000,0.51889764
CLEAN,660,0.00774847,1.00000000,0.51968504
CLEAN,661,0.00770456,1.00000000,0.52047244
CLEAN,662,0.00770456,1.00000000,0.52125984
CLEAN,663,0.00760355,1.00000000,0.52204724
CLEAN,664,0.00760355,1.00000000,0.52283465
CLEAN,665,0.00754988,1.00000000,0.52362205
CLEAN,666,0.00754988,1.00000000,0.52440945
CLEAN,667,0.00753286,1.00000000,0.52519685
CLEAN,668,0.00753286,1.00000000,0.52598425
CLEAN,669,0.00742987,1.00000000,0.52677165
CLEAN,670,0.00742987,1.00000000,0.52755906
CLEAN,671,0.00734053,1.00000000,0.52834646
CLEAN,672,0.00734053,1.00000000,0.52913386
CLEAN,673,0.00731334,1.00000000,0.52992126
CLEAN,674,0.00731334,1.00000000,0.53070866
CLEAN,675,0.00730654,1.00000000,0.53149606
CLEAN,676,0.00730654,1.00000000,0.53228346
CLEAN,677,0.00717016,1.00000000,0.53307087
CLEAN,678,0.00717016,1.00000000,0.53385827
CLEAN,679,0.00715888,1.00000000,0.53464567
CLEAN,680,0.00715888,1.00000000,0.53543307
CLEAN,681,0.00711457,1.00000000,0.53622047
CLEAN,682,0.00711457,1.00000000,0.53700787
CLEAN,683,0.00706250,1.00000000,0.53779528
CLEAN,684,0.00706250,1.00000000,0.53858268
CLEAN,685,0.00701916,1.00000000,0.53937008
CLEAN,686,0.00701916,1.00000000,0.54015748
CLEAN,687,0.00689870,1.00000000,0.54094488
CLEAN,688,0.00689870,1.00000000,0.54173228
CLEAN,689,0.00675090,1.00000000,0.54251969
CLEAN,690,0.00675090,1.00000000,0.54330709
CLEAN,691,0.00670065,1.00000000,0.54409449
CLEAN,692,0.00670065,1.00000000,0.54488189
CLEAN,693,0.00669207,1.00000000,0.54566929
CLEAN,694,0.00669207,1.00000000,0.54645669
CLEAN,695,0.00666056,1.00000000,0.54724409
CLEAN,696,0.00666056,1.00000000,0.54803150
CLEAN,697,0.00661002,1.00000000,0.54881890
CLEAN,698,0.00661002,1.00000000,0.54960630
CLEAN,699,0.00652510,1.00000000,0.55039370
CLEAN,700,0.00652510,1.00000000,0.55118110
CLEAN,701,0.00641817,1.00000000,0.55196850
CLEAN,702,0.00641817,1.00000000,0.55275591
CLEAN,703,0.00639180,1.00000000,0.55354331
CLEAN,704,0.00639180,1.00000000,0.55433071
CLEAN,705,0.00627940,1.00000000,0.55511811
CLEAN,706,0.00627940,1.00000000,0.55590551
CLEAN,707,0.00597120,1.00000000,0.55669291
CLEAN,708,0.00597120,1.00000000,0.55748031
CLEAN,709,0.00590638,1.00000000,0.55826772
CLEAN,710,0.00590638,1.00000000,0.55905512
CLEAN,711,0.00583039,1.00000000,0.55984252
CLEAN,712,0.00583039,1.00000000,0.56062992
CLEAN,713,0.00579842,1.00000000,0.56141732
CLEAN,714,0.00579842,1.00000000,0.56220472
CLEAN,715,0.00572051,1.00000000,0.56299213
CLEAN,716,0.00572051,1.00000000,0.56377953
CLEAN,717,0.00570642,1.00000000,0.56456693
CLEAN,718,0.00570642,1.00000000,0.56535433
CLEAN,719,0.00567990,1.00000000,0.56614173
CLEAN,720,0.00567990,1.00000000,0.56692913
CLEAN,721,0.00566353,1.00000000,0.56771654
CLEAN,722,0.00566353,1.00000000,0.56850394
CLEAN,723,0.00559246,1.00000000,0.56929134
CLEAN,724,0.00559246,1.00000000,0.57007874
CLEAN,725,0.00558146,1.00000000,0.57086614
CLEAN,726,0.00558146,1.00000000,0.57165354
CLEAN,727,0.00556001,1.00000000,0.57244094
CLEAN,728,0.00556001,1.00000000,0.57322835
CLEAN,729,0.00549607,1.00000000,0.57401575
CLEAN,730,0.00549607,1.00000000,0.57480315
CLEAN,731,0.00546920,1.00000000,0.57559055
CLEAN,732,0.00546920,1.00000000,0.57637795
CLEAN,733,0.00546635,1.00000000,0.57716535
CLEAN,734,0.00546635,1.00000000,0.57795276
CLEAN,735,0.00543930,1.00000000,0.57874016
CLEAN,736,0.00543930,1.00000000,0.57952756
CLEAN,737,0.00537366,1.00000000,0.58031496
CLEAN,738,0.00537366,1.00000000,0.58110236
CLEAN,739,0.00537200,1.00000000,0.58188976
CLEAN,740,0.00537200,1.00000000,0.58267717
CLEAN,741,0.00530552,1.00000000,0.58346457
CLEAN,742,0.00530552,1.00000000,0.58425197
CLEAN,743,0.00526542,1.00000000,0.58503937
CLEAN,744,0.00526542,1.00000000,0.58582677
CLEAN,745,0.00525688,1.00000000,0.58661417
CLEAN,746,0.00525688,1.00000000,0.58740157
CLEAN,747,0.00522653,1.00000000,0.58818898
CLEAN,748,0.00522653,1.00000000,0.58897638
CLEAN,749,0.00522404,1.00000000,0.58976378
CLEAN,750,0.00522404,1.00000000,0.59055118
CLEAN,751,0.00516891,1.00000000,0.59133858
CLEAN,752,0.00516891,1.00000000,0.59212598
CLEAN,753,0.00513396,1.00000000,0.59291339
CLEAN,754,0.00513396,1.00000000,0.59370079
CLEAN,755,0.00508317,1.00000000,0.59448819
CLEAN,756,0.00508317,1.00000000,0.59527559
CLEAN,757,0.00506756,1.00000000,0.59606299
CLEAN,758,0.00506756,1.00000000,0.59685039
CLEAN,759,0.00506070,1.00000000,0.59763780
CLEAN,760,0.00506070,1.00000000,0.59842520
CLEAN,761,0.00502797,1.00000000,0.59921260
CLEAN,762,0.00502797,1.00000000,0.60000000
CLEAN,763,0.00498921,1.00000000,0.60078740
CLEAN,764,0.00498921,1.00000000,0.60157480
CLEAN,765,0.00493798,1.00000000,0.60236220
CLEAN,766,0.00493798,1.00000000,0.60314961
CLEAN,767,0.00492364,1.00000000,0.60393701
CLEAN,768,0.00492364,1.00000000,0.60472441
CLEAN,769,0.00487636,1.00000000,0.60551181
CLEAN,770,0.00487636,1.00000000,0.60629921
CLEAN,771,0.00485999,1.00000000,0.60708661
CLEAN,772,0.00485999,1.00000000,0.60787402
CLEAN,773,0.00485252,1.00000000,0.60866142
CLEAN,774,0.00485252,1.00000000,0.60944882
CLEAN,775,0.00472587,1.00000000,0.61023622
CLEAN,776,0.00472587,1.00000000,0.61102362
CLEAN,777,0.00472395,1.00000000,0.61181102
CLEAN,778,0.00472395,1.00000000,0.61259843
CLEAN,779,0.00471107,1.00000000,0.61338583
CLEAN,780,0.00471107,1.00000000,0.61417323
CLEAN,781,0.00466040,1.00000000,0.61496063
CLEAN,782,0.00466040,1.00000000,0.61574803
CLEAN,783,0.00464034,1.00000000,0.61653543
CLEAN,784,0.00464034,1.00000000,0.61732283
CLEAN,785,0.00461235,1.00000000,0.61811024
CLEAN,786,0.00461235,1.00000000,0.61889764
CLEAN,787,0.00429937,1.00000000,0.61968504
CLEAN,788,0.00429937,1.00000000,0.62047244
CLEAN,789,0.00425811,1.00000000,0.62125984
CLEAN,790,0.00425811,1.00000000,0.62204724
CLEAN,791,0.00412651,1.00000000,0.62283465
CLEAN,792,0.00412651,1.00000000,0.62362205
CLEAN,793,0.00409467,1.00000000,0.62440945
CLEAN,794,0.00409467,1.00000000,0.62519685
CLEAN,795,0.00403894,1.00000000,0.62598425
CLEAN,796,0.00403894,1.00000000,0.62677165
CLEAN,797,0.00393836,1.00000000,0.62755906
CLEAN,798,0.00393836,1.00000000,0.62834646
CLEAN,799,0.00383733,1.00000000,0.62913386
CLEAN,800,0.00383733,1.00000000,0.62992126
CLEAN,801,0.00378901,1.00000000,0.63070866
CLEAN,802,0.00378901,1.00000000,0.63149606
CLEAN,803,0.00368903,1.00000000,0.63228346
CLEAN,804,0.00368903,1.00000000,0.63307087
CLEAN,805,0.00368536,1.00000000,0.63385827
CLEAN,806,0.00368536,1.00000000,0.63464567
CLEAN,807,0.00364580,1.00000000,0.63543307
CLEAN,808,0.00364580,1.00000000,0.63622047
CLEAN,809,0.00357576,1.00000000,0.63700787
CLEAN,810,0.00357576,1.00000000,0.63779528
CLEAN,811,0.00354267,1.00000000,0.63858268
CLEAN,812,0.00354267,1.00000000,0.63937008
CLEAN,813,0.00347941,1.00000000,0.64015748
CLEAN,814,0.00347941,1.00000000,0.64094488
CLEAN,815,0.00342879,1.00000000,0.64173228
CLEAN,816,0.00342879,1.00000000,0.64251969
CLEAN,817,0.00340591,1.00000000,0.64330709
CLEAN,818,0.00340591,1.00000000,0.64409449
CLEAN,819,0.00340391,1.00000000,0.64488189
CLEAN,820,0.00340391,1.00000000,0.64566929
CLEAN,821,0.00337618,1.00000000,0.64645669
CLEAN,822,0.00337618,1.00000000,0.64724409
CLEAN,823,0.00332959,1.00000000,0.64803150
CLEAN,824,0.00332959,1.00000000,0.64881890
CLEAN,825,0.00331023,1.00000000,0.64960630
CLEAN,826,0.00331023,1.00000000,0.65039370
CLEAN,827,0.00327629,1.00000000,0.65118110
CLEAN,828,0.00327629,1.00000000,0.65196850
CLEAN,829,0.00326211,1.00000000,0.65275591
CLEAN,830,0.00326211,1.00000000,0.65354331
CLEAN,831,0.00325572,1.00000000,0.65433071
CLEAN,832,0.00325572,1.00000000,0.65511811
CLEAN,833,0.00324510,1.00000000,0.65590551
CLEAN,834,0.00324510,1.00000000,0.65669291
CLEAN,835,0.00323919,1.00000000,0.65748031
CLEAN,836,0.00323919,1.00000000,0.65826772
CLEAN,837,0.00314105,1.00000000,0.65905512
CLEAN,838,0.00314105,1.00000000,0.65984252
CLEAN,839,0.00312370,1.00000000,0.66062992
CLEAN,840,0.00312370,1.00000000,0.66141732
CLEAN,841,0.00311735,1.00000000,0.66220472
CLEAN,842,0.00311735,1.00000000,0.66299213
CLEAN,843,0.00309644,1.00000000,0.66377953
CLEAN,844,0.00309644,1.00000000,0.66456693
CLEAN,845,0.00306537,1.00000000,0.66535433
CLEAN,846,0.00306537,1.00000000,0.66614173
CLEAN,847,0.00304002,1.00000000,0.66692913
CLEAN,848,0.00304002,1.00000000,0.66771654
CLEAN,849,0.00298228,1.00000000,0.66850394
CLEAN,850,0.00298228,1.00000000,0.66929134
CLEAN,851,0.00297469,1.00000000,0.67007874
CLEAN,852,0.00297469,1.00000000,0.67086614
CLEAN,853,0.00292293,1.00000000,0.67165354
CLEAN,854,0.00292293,1.00000000,0.67244094
CLEAN,855,0.00291465,1.00000000,0.67322835
CLEAN,856,0.00291465,1.00000000,0.67401575
CLEAN,857,0.00290545,1.00000000,0.67480315
CLEAN,858,0.00290545,1.00000000,0.67559055
CLEAN,859,0.00289956,1.00000000,0.67637795
CLEAN,860,0.00289956,1.00000000,0.67716535
CLEAN,861,0.00285453,1.00000000,0.67795276
CLEAN,862,0.00285453,1.00000000,0.67874016
CLEAN,863,0.00284980,1.00000000,0.67952756
CLEAN,864,0.00284980,1.00000000,0.68031496
CLEAN,865,0.00282935,1.00000000,0.68110236
CLEAN,866,0.00282935,1.00000000,0.68188976
CLEAN,867,0.00271151,1.00000000,0.68267717
CLEAN,868,0.00271151,1.00000000,0.68346457
CLEAN,869,0.00263969,1.00000000,0.68425197
CLEAN,870,0.00263969,1.00000000,0.68503937
CLEAN,871,0.00263194,1.00000000,0.68582677
CLEAN,872,0.00263194,1.00000000,0.68661417
CLEAN,873,0.00258939,1.00000000,0.68740157
CLEAN,874,0.00258939,1.00000000,0.68818898
CLEAN,875,0.00257926,1.00000000,0.68897638
CLEAN,876,0.00257926,1.00000000,0.68976378
CLEAN,877,0.00257229,1.00000000,0.69055118
CLEAN,878,0.00257229,1.00000000,0.69133858
CLEAN,879,0.00255905,1.00000000,0.69212598
CLEAN,880,0.00255905,1.00000000,0.69291339
CLEAN,881,0.00253443,1.00000000,0.69370079
CLEAN,882,0.00253443,1.00000000,0.69448819
CLEAN,883,0.00252508,1.00000000,0.69527559
CLEAN,884,0.00252508,1.00000000,0.69606299
CLEAN,885,0.00251285,1.00000000,0.69685039
CLEAN,886,0.00251285,1.00000000,0.69763780
CLEAN,887,0.00247968,1.00000000,0.69842520
CLEAN,888,0.00247968,1.00000000,0.69921260
CLEAN,889,0.00245526,1.00000000,0.70000000
CLEAN,890,0.00245526,1.00000000,0.70078740
CLEAN,891,0.00245425,1.00000000,0.70157480
CLEAN,892,0.00245425,1.00000000,0.70236220
CLEAN,893,0.00243885,1.00000000,0.70314961
CLEAN,894,0.00243885,1.00000000,0.70393701
CLEAN,895,0.00243089,1.00000000,0.70472441
CLEAN,896,0.00243089,1.00000000,0.70551181
CLEAN,897,0.00241888,1.00000000,0.70629921
CLEAN,898,0.00241888,1.00000000,0.70708661
CLEAN,899,0.00240349,1.00000000,0.70787402
CLEAN,900,0.00240349,1.00000000,0.70866142
CLEAN,901,0.00238132,1.00000000,0.70944882
CLEAN,902,0.00238132,1.00000000,0.71023622
CLEAN,903,0.00237354,1.00000000,0.71102362
CLEAN,904,0.00237354,1.00000000,0.71181102
CLEAN,905,0.00237344,1.00000000,0.71259843
CLEAN,906,0.00237344,1.00000000,0.71338583
CLEAN,907,0.00237337,1.00000000,0.71417323
CLEAN,908,0.00237337,1.00000000,0.71496063
CLEAN,909,0.00234543,1.00000000,0.71574803
CLEAN,910,0.00234543,1.00000000,0.71653543
CLEAN,911,0.00233226,1.00000000,0.71732283
CLEAN,912,0.00233226,1.00000000,0.71811024
CLEAN,913,0.00231899,1.00000000,0.71889764
CLEAN,914,0.00231899,1.00000000,0.71968504
CLEAN,915,0.00230563,1.00000000,0.72047244
CLEAN,916,0.00230563,1.00000000,0.72125984
CLEAN,917,0.00228921,1.00000000,0.72204724
CLEAN,918,0.00228921,1.00000000,0.72283465
CLEAN,919,0.00226983,1.00000000,0.72362205
CLEAN,920,0.00226983,1.00000000,0.72440945
CLEAN,921,0.00223950,1.00000000,0.72519685
CLEAN,922,0.00223950,1.00000000,0.72598425
CLEAN,923,0.00221460,1.00000000,0.72677165
CLEAN,924,0.00221460,1.00000000,0.72755906
CLEAN,925,0.00218435,1.00000000,0.72834646
CLEAN,926,0.00218435,1.00000000,0.72913386
CLEAN,927,0.00216994,1.00000000,0.72992126
CLEAN,928,0.00216994,1.00000000,0.73070866
CLEAN,929,0.00215953,1.00000000,0.73149606
CLEAN,930,0.00215953,1.00000000,0.73228346
CLEAN,931,0.00213189,1.00000000,0.73307087
CLEAN,932,0.00213189,1.00000000,0.73385827
CLEAN,933,0.00211930,1.00000000,0.73464567
CLEAN,934,0.00211930,1.00000000,0.73543307
CLEAN,935,0.00210678,1.00000000,0.73622047
CLEAN,936,0.00210678,1.00000000,0.73700787
CLEAN,937,0.00210100,1.00000000,0.73779528
CLEAN,938,0.00210100,1.00000000,0.73858268
CLEAN,939,0.00209645,1.00000000,0.73937008
CLEAN,940,0.00209645,1.00000000,0.74015748
CLEAN,941,0.00207290,1.00000000,0.74094488
CLEAN,942,0.00207290,1.00000000,0.74173228
CLEAN,943,0.00204925,1.00000000,0.74251969
CLEAN,944,0.00204925,1.00000000,0.74330709
CLEAN,945,0.00204739,1.00000000,0.74409449
CLEAN,946,0.00204739,1.00000000,0.74488189
CLEAN,947,0.00203572,1.00000000,0.74566929
CLEAN,948,0.00203572,1.00000000,0.74645669
CLEAN,949,0.00201730,1.00000000,0.74724409
CLEAN,950,0.00201730,1.00000000,0.74803150
CLEAN,951,0.00201402,1.00000000,0.74881890
CLEAN,952,0.00201402,1.00000000,0.74960630
CLEAN,953,0.00200870,1.00000000,0.75039370
CLEAN,954,0.00200870,1.00000000,0.75118110
CLEAN,955,0.00200377,1.00000000,0.75196850
CLEAN,956,0.00200377,1.00000000,0.75275591
CLEAN,957,0.00198638,1.00000000,0.75354331
CLEAN,958,0.00198638,1.00000000,0.75433071
CLEAN,959,0.00197000,1.00000000,0.75511811
CLEAN,960,0.00197000,1.00000000,0.75590551
CLEAN,961,0.00196545,1.00000000,0.75669291
CLEAN,962,0.00196545,1.00000000,0.75748031
CLEAN,963,0.00193444,1.00000000,0.75826772
CLEAN,964,0.00193444,1.00000000,0.75905512
CLEAN,965,0.00189856,1.00000000,0.75984252
CLEAN,966,0.00189856,1.00000000,0.76062992
CLEAN,967,0.00186175,1.00000000,0.76141732
CLEAN,968,0.00186175,1.00000000,0.76220472
CLEAN,969,0.00184744,1.00000000,0.76299213
CLEAN,970,0.00184744,1.00000000,0.76377953
CLEAN,971,0.00182912,1.00000000,0.76456693
CLEAN,972,0.00182912,1.00000000,0.76535433
CLEAN,973,0.00181713,1.00000000,0.76614173
CLEAN,974,0.00181713,1.00000000,0.76692913
CLEAN,975,0.00181039,1.00000000,0.76771654
CLEAN,976,0.00181039,1.00000000,0.76850394
CLEAN,977,0.00180141,1.00000000,0.76929134
CLEAN,978,0.00180141,1.00000000,0.77007874
CLEAN,979,0.00179896,1.00000000,0.77086614
CLEAN,980,0.00179896,1.00000000,0.77165354
CLEAN,981,0.00178450,1.00000000,0.77244094
CLEAN,982,0.00178450,1.00000000,0.77322835
CLEAN,983,0.00178160,1.00000000,0.77401575
CLEAN,984,0.00178160,1.00000000,0.77480315
CLEAN,985,0.00175986,1.00000000,0.77559055
CLEAN,986,0.00175986,1.00000000,0.77637795
CLEAN,987,0.00175906,1.00000000,0.77716535
CLEAN,988,0.00175906,1.00000000,0.77795276
CLEAN,989,0.00175271,1.00000000,0.77874016
CLEAN,990,0.00175271,1.00000000,0.77952756
CLEAN,991,0.00175146,1.00000000,0.78031496
CLEAN,992,0.00175146,1.00000000,0.78110236
CLEAN,993,0.00172740,1.00000000,0.78188976
CLEAN,994,0.00172740,1.00000000,0.78267717
CLEAN,995,0.00172318,1.00000000,0.78346457
CLEAN,996,0.00172318,1.00000000,0.78425197
CLEAN,997,0.00171303,1.00000000,0.78503937
CLEAN,998,0.00171303,1.00000000,0.78582677
CLEAN,999,0.00169250,1.00000000,0.78661417
CLEAN,1000,0.00169250,1.00000000,0.78740157
CLEAN,1001,0.00167174,1.00000000,0.78818898
CLEAN,1002,0.00167174,1.00000000,0.78897638
CLEAN,1003,0.00166633,1.00000000,0.78976378
CLEAN,1004,0.00166633,1.00000000,0.79055118
CLEAN,1005,0.00166175,1.00000000,0.79133858
CLEAN,1006,0.00166175,1.00000000,0.79212598
CLEAN,1007,0.00164451,1.00000000,0.79291339
CLEAN,1008,0.00164451,1.00000000,0.79370079
CLEAN,1009,0.00164364,1.00000000,0.79448819
CLEAN,1010,0.00164364,1.00000000,0.79527559
CLEAN,1011,0.00164120,1.00000000,0.79606299
CLEAN,1012,0.00164120,1.00000000,0.79685039
CLEAN,1013,0.00163964,1.00000000,0.79763780
CLEAN,1014,0.00163964,1.00000000,0.79842520
CLEAN,1015,0.00163829,1.00000000,0.79921260
CLEAN,1016,0.00163829,1.00000000,0.80000000
CLEAN,1017,0.00163495,1.00000000,0.80078740
CLEAN,1018,0.00163495,1.00000000,0.80157480
CLEAN,1019,0.00162899,1.00000000,0.80236220
CLEAN,1020,0.00162899,1.00000000,0.80314961
CLEAN,1021,0.00162093,1.00000000,0.80393701
CLEAN,1022,0.00162093,1.00000000,0.80472441
CLEAN,1023,0.00162072,1.00000000,0.80551181
CLEAN,1024,0.00162072,1.00000000,0.80629921
CLEAN,1025,0.00160630,1.00000000,0.80708661
CLEAN,1026,0.00160630,1.00000000,0.80787402
CLEAN,1027,0.00159478,1.00000000,0.80866142
CLEAN,1028,0.00159478,1.00000000,0.80944882
CLEAN,1029,0.00158193,1.00000000,0.81023622
CLEAN,1030,0.00158193,1.00000000,0.81102362
CLEAN,1031,0.00157203,1.00000000,0.81181102
CLEAN,1032,0.00157203,1.00000000,0.81259843
CLEAN,1033,0.00156527,1.00000000,0.81338583
CLEAN,1034,0.00156527,1.00000000,0.81417323
CLEAN,1035,0.00153281,1.00000000,0.81496063
CLEAN,1036,0.00153281,1.00000000,0.81574803
CLEAN,1037,0.00152227,1.00000000,0.81653543
CLEAN,1038,0.00152227,1.00000000,0.81732283
CLEAN,1039,0.00146479,1.00000000,0.81811024
CLEAN,1040,0.00146479,1.00000000,0.81889764
CLEAN,1041,0.00142266,1.00000000,0.81968504
CLEAN,1042,0.00142266,1.00000000,0.82047244
CLEAN,1043,0.00141746,1.00000000,0.82125984
CLEAN,1044,0.00141746,1.00000000,0.82204724
CLEAN,1045,0.00141729,1.00000000,0.82283465
CLEAN,1046,0.00141729,1.00000000,0.82362205
CLEAN,1047,0.00140976,1.00000000,0.82440945
CLEAN,1048,0.00140976,1.00000000,0.82519685
CLEAN,1049,0.00139188,1.00000000,0.82598425
CLEAN,1050,0.00139188,1.00000000,0.82677165
CLEAN,1051,0.00138921,1.00000000,0.82755906
CLEAN,1052,0.00138921,1.00000000,0.82834646
CLEAN,1053,0.00137080,1.00000000,0.82913386
CLEAN,1054,0.00137080,1.00000000,0.82992126
CLEAN,1055,0.00136469,1.00000000,0.83070866
CLEAN,1056,0.00136469,1.00000000,0.83149606
CLEAN,1057,0.00134414,1.00000000,0.83228346
CLEAN,1058,0.00134414,1.00000000,0.83307087
CLEAN,1059,0.00133970,1.00000000,0.83385827
CLEAN,1060,0.00133970,1.00000000,0.83464567
CLEAN,1061,0.00132945,1.00000000,0.83543307
CLEAN,1062,0.00132945,1.00000000,0.83622047
CLEAN,1063,0.00132577,1.00000000,0.83700787
CLEAN,1064,0.00132577,1.00000000,0.83779528
CLEAN,1065,0.00130983,1.00000000,0.83858268
CLEAN,1066,0.00130983,1.00000000,0.83937008
CLEAN,1067,0.00130779,1.00000000,0.84015748
CLEAN,1068,0.00130779,1.00000000,0.84094488
CLEAN,1069,0.00128048,1.00000000,0.84173228
CLEAN,1070,0.00128048,1.00000000,0.84251969
CLEAN,1071,0.00126667,1.00000000,0.84330709
CLEAN,1072,0.00126667,1.00000000,0.84409449
CLEAN,1073,0.00125838,1.00000000,0.84488189
CLEAN,1074,0.00125838,1.00000000,0.84566929
CLEAN,1075,0.00123067,1.00000000,0.84645669
CLEAN,1076,0.00123067,1.00000000,0.84724409
CLEAN,1077,0.00123030,1.00000000,0.84803150
CLEAN,1078,0.00123030,1.00000000,0.84881890
CLEAN,1079,0.00121502,1.00000000,0.84960630
CLEAN,1080,0.00121502,1.00000000,0.85039370
CLEAN,1081,0.00121368,1.00000000,0.85118110
CLEAN,1082,0.00121368,1.00000000,0.85196850
CLEAN,1083,0.00120893,1.00000000,0.85275591
CLEAN,1084,0.00120893,1.00000000,0.85354331
CLEAN,1085,0.00119403,1.00000000,0.85433071
CLEAN,1086,0.00119403,1.00000000,0.85511811
CLEAN,1087,0.00119234,1.00000000,0.85590551
CLEAN,1088,0.00119234,1.00000000,0.85669291
CLEAN,1089,0.00118243,1.00000000,0.85748031
CLEAN,1090,0.00118243,1.00000000,0.85826772
CLEAN,1091,0.00117146,1.00000000,0.85905512
CLEAN,1092,0.00117146,1.00000000,0.85984252
CLEAN,1093,0.00115980,1.00000000,0.86062992
CLEAN,1094,0.00115980,1.00000000,0.86141732
CLEAN,1095,0.00115293,1.00000000,0.86220472
CLEAN,1096,0.00115293,1.00000000,0.86299213
CLEAN,1097,0.00115291,1.00000000,0.86377953
CLEAN,1098,0.00115291,1.00000000,0.86456693
CLEAN,1099,0.00114605,1.00000000,0.86535433
CLEAN,1100,0.00114605,1.00000000,0.86614173
CLEAN,1101,0.00114110,1.00000000,0.86692913
CLEAN,1102,0.00114110,1.00000000,0.86771654
CLEAN,1103,0.00113856,1.00000000,0.86850394
CLEAN,1104,0.00113856,1.00000000,0.86929134
CLEAN,1105,0.00112675,1.00000000,0.87007874
CLEAN,1106,0.00112675,1.00000000,0.87086614
CLEAN,1107,0.00110794,1.00000000,0.87165354
CLEAN,1108,0.00110794,1.00000000,0.87244094
CLEAN,1109,0.00110313,1.00000000,0.87322835
CLEAN,1110,0.00110313,1.00000000,0.87401575
CLEAN,1111,0.00107803,1.00000000,0.87480315
CLEAN,1112,0.00107803,1.00000000,0.87559055
CLEAN,1113,0.00107043,1.00000000,0.87637795
CLEAN,1114,0.00107043,1.00000000,0.87716535
CLEAN,1115,0.00106875,1.00000000,0.87795276
CLEAN,1116,0.00106875,1.00000000,0.87874016
CLEAN,1117,0.00106554,1.00000000,0.87952756
CLEAN,1118,0.00106554,1.00000000,0.88031496
CLEAN,1119,0.00105959,1.00000000,0.88110236
CLEAN,1120,0.00105959,1.00000000,0.88188976
CLEAN,1121,0.00105718,1.00000000,0.88267717
CLEAN,1122,0.00105718,1.00000000,0.88346457
CLEAN,1123,0.00105231,1.00000000,0.88425197
CLEAN,1124,0.00105231,1.00000000,0.88503937
CLEAN,1125,0.00103418,1.00000000,0.88582677
CLEAN,1126,0.00103418,1.00000000,0.88661417
CLEAN,1127,0.00102697,1.00000000,0.88740157
CLEAN,1128,0.00102697,1.00000000,0.88818898
CLEAN,1129,0.00102125,1.00000000,0.88897638
CLEAN,1130,0.00102125,1.00000000,0.88976378
CLEAN,1131,0.00100283,1.00000000,0.89055118
CLEAN,1132,0.00100283,1.00000000,0.89133858
CLEAN,1133,0.00097018,1.00000000,0.89212598
CLEAN,1134,0.00097018,1.00000000,0.89291339
CLEAN,1135,0.00096584,1.00000000,0.89370079
CLEAN,1136,0.00096584,1.00000000,0.89448819
CLEAN,1137,0.00096482,1.00000000,0.89527559
CLEAN,1138,0.00096482,1.00000000,0.89606299
CLEAN,1139,0.00096408,1.00000000,0.89685039
CLEAN,1140,0.00096408,1.00000000,0.89763780
CLEAN,1141,0.00095670,1.00000000,0.89842520
CLEAN,1142,0.00095670,1.00000000,0.89921260
CLEAN,1143,0.00094708,1.00000000,0.90000000
CLEAN,1144,0.00094708,1.00000000,0.90078740
CLEAN,1145,0.00093355,1.00000000,0.90157480
CLEAN,1146,0.00093355,1.00000000,0.90236220
CLEAN,1147,0.00091759,1.00000000,0.90314961
CLEAN,1148,0.00091759,1.00000000,0.90393701
CLEAN,1149,0.00091203,1.00000000,0.90472441
CLEAN,1150,0.00091203,1.00000000,0.90551181
CLEAN,1151,0.00090103,1.00000000,0.90629921
CLEAN,1152,0.00090103,1.00000000,0.90708661
CLEAN,1153,0.00087821,1.00000000,0.90787402
CLEAN,1154,0.00087821,1.00000000,0.90866142
CLEAN,1155,0.00086778,1.00000000,0.90944882
CLEAN,1156,0.00086778,1.00000000,0.91023622
CLEAN,1157,0.00084605,1.00000000,0.91102362
CLEAN,1158,0.00084605,1.00000000,0.91181102
CLEAN,1159,0.00084554,1.00000000,0.91259843
CLEAN,1160,0.00084554,1.00000000,0.91338583
CLEAN,1161,0.00083443,1.00000000,0.91417323
CLEAN,1162,0.00083443,1.00000000,0.91496063
CLEAN,1163,0.00082733,1.00000000,0.91574803
CLEAN,1164,0.00082733,1.00000000,0.91653543
CLEAN,1165,0.00081842,1.00000000,0.91732283
CLEAN,1166,0.00081842,1.00000000,0.91811024
CLEAN,1167,0.00078810,1.00000000,0.91889764
CLEAN,1168,0.00078810,1.00000000,0.91968504
CLEAN,1169,0.00077828,1.00000000,0.92047244
CLEAN,1170,0.00077828,1.00000000,0.92125984
CLEAN,1171,0.00076019,1.00000000,0.92204724
CLEAN,1172,0.00076019,1.00000000,0.92283465
CLEAN,1173,0.00075940,1.00000000,0.92362205
CLEAN,1174,0.00075940,1.00000000,0.92440945
CLEAN,1175,0.00074616,1.00000000,0.92519685
CLEAN,1176,0.00074616,1.00000000,0.92598425
CLEAN,1177,0.00074219,1.00000000,0.92677165
CLEAN,1178,0.00074219,1.00000000,0.92755906
CLEAN,1179,0.00074124,1.00000000,0.92834646
CLEAN,1180,0.00074124,1.00000000,0.92913386
CLEAN,1181,0.00073553,1.00000000,0.92992126
CLEAN,1182,0.00073553,1.00000000,0.93070866
CLEAN,1183,0.00073398,1.00000000,0.93149606
CLEAN,1184,0.00073398,1.00000000,0.93228346
CLEAN,1185,0.00072904,1.00000000,0.93307087
CLEAN,1186,0.00072904,1.00000000,0.93385827
CLEAN,1187,0.00072778,1.00000000,0.93464567
CLEAN,1188,0.00072778,1.00000000,0.93543307
CLEAN,1189,0.00072160,1.00000000,0.93622047
CLEAN,1190,0.00072160,1.00000000,0.93700787
CLEAN,1191,0.00071235,1.00000000,0.93779528
CLEAN,1192,0.00071235,1.00000000,0.93858268
CLEAN,1193,0.00070347,1.00000000,0.93937008
CLEAN,1194,0.00070347,1.00000000,0.94015748
CLEAN,1195,0.00069515,1.00000000,0.94094488
CLEAN,1196,0.00069515,1.00000000,0.94173228
CLEAN,1197,0.00069244,1.00000000,0.94251969
CLEAN,1198,0.00069244,1.00000000,0.94330709
CLEAN,1199,0.00068146,1.00000000,0.94409449
CLEAN,1200,0.00068146,1.00000000,0.94488189
CLEAN,1201,0.00067351,1.00000000,0.94566929
CLEAN,1202,0.00067351,1.00000000,0.94645669
CLEAN,1203,0.00067303,1.00000000,0.94724409
CLEAN,1204,0.00067303,1.00000000,0.94803150
CLEAN,1205,0.00064753,1.00000000,0.94881890
CLEAN,1206,0.00064753,1.00000000,0.94960630
CLEAN,1207,0.00064416,1.00000000,0.95039370
CLEAN,1208,0.00064416,1.00000000,0.95118110
CLEAN,1209,0.00063472,1.00000000,0.95196850
CLEAN,1210,0.00063472,1.00000000,0.95275591
CLEAN,1211,0.00060235,1.00000000,0.95354331
CLEAN,1212,0.00060235,1.00000000,0.95433071
CLEAN,1213,0.00059196,1.00000000,0.95511811
CLEAN,1214,0.00059196,1.00000000,0.95590551
CLEAN,1215,0.00057970,1.00000000,0.95669291
CLEAN,1216,0.00057970,1.00000000,0.95748031
CLEAN,1217,0.00056204,1.00000000,0.95826772
CLEAN,1218,0.00056204,1.00000000,0.95905512
CLEAN,1219,0.00054573,1.00000000,0.95984252
CLEAN,1220,0.00054573,1.00000000,0.96062992
CLEAN,1221,0.00054427,1.00000000,0.96141732
CLEAN,1222,0.00054427,1.00000000,0.96220472
CLEAN,1223,0.00053814,1.00000000,0.96299213
CLEAN,1224,0.00053814,1.00000000,0.96377953
CLEAN,1225,0.00053645,1.00000000,0.96456693
CLEAN,1226,0.00053645,1.00000000,0.96535433
CLEAN,1227,0.00053584,1.00000000,0.96614173
CLEAN,1228,0.00053584,1.00000000,0.96692913
CLEAN,1229,0.00052510,1.00000000,0.96771654
CLEAN,1230,0.00052510,1.00000000,0.96850394
CLEAN,1231,0.00052027,1.00000000,0.96929134
CLEAN,1232,0.00052027,1.00000000,0.97007874
CLEAN,1233,0.00048915,1.00000000,0.97086614
CLEAN,1234,0.00048915,1.00000000,0.97165354
CLEAN,1235,0.00048762,1.00000000,0.97244094
CLEAN,1236,0.00048762,1.00000000,0.97322835
CLEAN,1237,0.00048412,1.00000000,0.97401575
CLEAN,1238,0.00048412,1.00000000,0.97480315
CLEAN,1239,0.00045588,1.00000000,0.97559055
CLEAN,1240,0.00045588,1.00000000,0.97637795
CLEAN,1241,0.00045106,1.00000000,0.97716535
CLEAN,1242,0.00045106,1.00000000,0.97795276
CLEAN,1243,0.00043926,1.00000000,0.97874016
CLEAN,1244,0.00043926,1.00000000,0.97952756
CLEAN,1245,0.00042075,1.00000000,0.98031496
CLEAN,1246,0.00042075,1.00000000,0.98110236
CLEAN,1247,0.00041902,1.00000000,0.98188976
CLEAN,1248,0.00041902,1.00000000,0.98267717
CLEAN,1249,0.00041425,1.00000000,0.98346457
CLEAN,1250,0.00041425,1.00000000,0.98425197
CLEAN,1251,0.00040793,1.00000000,0.98503937
CLEAN,1252,0.00040793,1.00000000,0.98582677
CLEAN,1253,0.00040139,1.00000000,0.98661417
CLEAN,1254,0.00040139,1.00000000,0.98740157
CLEAN,1255,0.00039597,1.00000000,0.98818898
CLEAN,1256,0.00039597,1.00000000,0.98897638
CLEAN,1257,0.00035891,1.00000000,0.98976378
CLEAN,1258,0.00035891,1.00000000,0.99055118
CLEAN,1259,0.00032556,1.00000000,0.99133858
CLEAN,1260,0.00032556,1.00000000,0.99212598
CLEAN,1261,0.00029685,1.00000000,0.99291339
CLEAN,1262,0.00029685,1.00000000,0.99370079
CLEAN,1263,0.00027440,1.00000000,0.99448819
CLEAN,1264,0.00027440,1.00000000,0.99527559
CLEAN,1265,0.00026734,1.00000000,0.99606299
CLEAN,1266,0.00026734,1.00000000,0.99685039
CLEAN,1267,0.00022779,1.00000000,0.99763780
CLEAN,1268,0.00022779,1.00000000,0.99842520
CLEAN,1269,0.00020544,1.00000000,0.99921260
CLEAN,1270,0.00020544,1.00000000,1.00000000
NOISE,1,0.74411956,0.00000000,0.00000000
NOISE,2,0.71475394,0.00000000,0.00000000
NOISE,3,0.66319070,0.00000000,0.00000000
NOISE,4,0.64382064,0.25000000,0.00078740
NOISE,5,0.62641878,0.20000000,0.00078740
NOISE,6,0.61654710,0.33333333,0.00157480
NOISE,7,0.59469399,0.42857143,0.00236220
NOISE,8,0.57282518,0.37500000,0.00236220
NOISE,9,0.55174062,0.33333333,0.00236220
NOISE,10,0.53846850,0.30000000,0.00236220
NOISE,11,0.51331369,0.27272727,0.00236220
NOISE,12,0.50848746,0.25000000,0.00236220
NOISE,13,0.49712452,0.23076923,0.00236220
NOISE,14,0.49626945,0.21428571,0.00236220
NOISE,15,0.48480066,0.20000000,0.00236220
NOISE,16,0.46743256,0.18750000,0.00236220
NOISE,17,0.46360521,0.17647059,0.00236220
NOISE,18,0.45960706,0.16666667,0.00236220
NOISE,19,0.45514508,0.15789474,0.00236220
NOISE,20,0.45334206,0.15000000,0.00236220
NOISE,21,0.45152274,0.14285714,0.00236220
NOISE,22,0.43054927,0.13636364,0.00236220
NOISE,23,0.40018997,0.13043478,0.00236220
NOISE,24,0.38364807,0.12500000,0.00236220
NOISE,25,0.38150931,0.12000000,0.00236220
NOISE,26,0.37899931,0.11538462,0.00236220
NOISE,27,0.35635459,0.11111111,0.00236220
NOISE,28,0.34331887,0.10714286,0.00236220
NOISE,29,0.34224084,0.10344828,0.00236220
NOISE,30,0.33458852,0.13333333,0.00314961
NOISE,31,0.33438939,0.12903226,0.00314961
NOISE,32,0.32081185,0.12500000,0.00314961
NOISE,33,0.31254477,0.12121212,0.00314961
NOISE,34,0.31239546,0.11764706,0.00314961
NOISE,35,0.31045855,0.11428571,0.00314961
NOISE,36,0.29382503,0.11111111,0.00314961
NOISE,37,0.28490935,0.10810811,0.00314961
NOISE,38,0.27421514,0.10526316,0.00314961
NOISE,39,0.27237909,0.10256410,0.00314961
NOISE,40,0.27058228,0.10000000,0.00314961
NOISE,41,0.26136023,0.12195122,0.00393701
NOISE,42,0.25945027,0.11904762,0.00393701
NOISE,43,0.23953733,0.11627907,0.00393701
NOISE,44,0.23489857,0.11363636,0.00393701
NOISE,45,0.23190821,0.11111111,0.00393701
NOISE,46,0.23166846,0.10869565,0.00393701
NOISE,47,0.22401230,0.10638298,0.00393701
NOISE,48,0.22278013,0.10416667,0.00393701
NOISE,49,0.20850314,0.10204082,0.00393701
NOISE,50,0.20190631,0.10000000,0.00393701
NOISE,51,0.20035998,0.09803922,0.00393701
NOISE,52,0.19535102,0.09615385,0.00393701
NOISE,53,0.19258648,0.09433962,0.00393701
NOISE,54,0.19090699,0.09259259,0.00393701
NOISE,55,0.19051260,0.09090909,0.00393701
NOISE,56,0.18938264,0.08928571,0.00393701
NOISE,57,0.18904578,0.08771930,0.00393701
NOISE,58,0.18033234,0.08620690,0.00393701
NOISE,59,0.17991815,0.08474576,0.00393701
NOISE,60,0.17468756,0.08333333,0.00393701
NOISE,61,0.17413046,0.08196721,0.00393701
NOISE,62,0.16621724,0.09677419,0.00472441
NOISE,63,0.16273171,0.09523810,0.00472441
NOISE,64,0.16087051,0.09375000,0.00472441
NOISE,65,0.15882869,0.09230769,0.00472441
NOISE,66,0.15483845,0.09090909,0.00472441
NOISE,67,0.15194299,0.08955224,0.00472441
NOISE,68,0.14978967,0.10294118,0.00551181
NOISE,69,0.14367844,0.10144928,0.00551181
NOISE,70,0.13306564,0.10000000,0.00551181
NOISE,71,0.13023160,0.09859155,0.00551181
NOISE,72,0.12765718,0.09722222,0.00551181
NOISE,73,0.12274049,0.10958904,0.00629921
NOISE,74,0.11615532,0.12162162,0.00708661
NOISE,75,0.11273659,0.12000000,0.00708661
NOISE,76,0.11204355,0.11842105,0.00708661
NOISE,77,0.10876527,0.11688312,0.00708661
NOISE,78,0.10591219,0.11538462,0.00708661
NOISE,79,0.10494196,0.11392405,0.00708661
NOISE,80,0.10223690,0.11250000,0.00708661
NOISE,81,0.10166517,0.11111111,0.00708661
NOISE,82,0.09690624,0.10975610,0.00708661
NOISE,83,0.09587625,0.10843373,0.00708661
NOISE,84,0.09450723,0.11904762,0.00787402
NOISE,85,0.09130717,0.11764706,0.00787402
NOISE,86,0.08859291,0.11627907,0.00787402
NOISE,87,0.08370024,0.11494253,0.00787402
NOISE,88,0.08258004,0.12500000,0.00866142
NOISE,89,0.08008378,0.12359551,0.00866142
NOISE,90,0.07726520,0.13333333,0.00944882
NOISE,91,0.07382407,0.13186813,0.00944882
NOISE,92,0.06853466,0.13043478,0.00944882
NOISE,93,0.06780012,0.12903226,0.00944882
NOISE,94,0.06393670,0.12765957,0.00944882
NOISE,95,0.06107278,0.12631579,0.00944882
NOISE,96,0.06091991,0.12500000,0.00944882
NOISE,97,0.06059806,0.12371134,0.00944882
NOISE,98,0.06029124,0.12244898,0.00944882
NOISE,99,0.05622361,0.12121212,0.00944882
NOISE,100,0.05471512,0.12000000,0.00944882
NOISE,101,0.05440097,0.11881188,0.00944882
NOISE,102,0.05364308,0.12745098,0.01023622
NOISE,103,0.05303179,0.13592233,0.01102362
NOISE,104,0.05106479,0.13461538,0.01102362
NOISE,105,0.04964083,0.13333333,0.01102362
NOISE,106,0.04808371,0.13207547,0.01102362
NOISE,107,0.04695579,0.14018692,0.01181102
NOISE,108,0.04519142,0.14814815,0.01259843
NOISE,109,0.04487478,0.14678899,0.01259843
NOISE,110,0.04469349,0.14545455,0.01259843
NOISE,111,0.04464545,0.15315315,0.01338583
NOISE,112,0.04428956,0.15178571,0.01338583
NOISE,113,0.04425493,0.15044248,0.01338583
NOISE,114,0.04401514,0.15789474,0.01417323
NOISE,115,0.04322261,0.15652174,0.01417323
NOISE,116,0.04133120,0.16379310,0.01496063
NOISE,117,0.03916186,0.16239316,0.01496063
NOISE,118,0.03813373,0.16101695,0.01496063
NOISE,119,0.03735645,0.15966387,0.01496063
NOISE,120,0.03732270,0.15833333,0.01496063
NOISE,121,0.03722720,0.15702479,0.01496063
NOISE,122,0.03711591,0.15573770,0.01496063
NOISE,123,0.03697226,0.16260163,0.01574803
NOISE,124,0.03634382,0.16129032,0.01574803
NOISE,125,0.03607202,0.16000000,0.01574803
NOISE,126,0.03518328,0.15873016,0.01574803
NOISE,127,0.03514540,0.16535433,0.01653543
NOISE,128,0.03500038,0.16406250,0.01653543
NOISE,129,0.03408841,0.17054264,0.01732283
NOISE,130,0.03373115,0.16923077,0.01732283
NOISE,131,0.03289545,0.16793893,0.01732283
NOISE,132,0.03256484,0.16666667,0.01732283
NOISE,133,0.03106492,0.16541353,0.01732283
NOISE,134,0.03102162,0.17164179,0.01811024
NOISE,135,0.02952248,0.17037037,0.01811024
NOISE,136,0.02945130,0.16911765,0.01811024
NOISE,137,0.02925374,0.16788321,0.01811024
NOISE,138,0.02793976,0.16666667,0.01811024
NOISE,139,0.02785075,0.17266187,0.01889764
NOISE,140,0.02770071,0.17142857,0.01889764
NOISE,141,0.02698309,0.17021277,0.01889764
NOISE,142,0.02627744,0.16901408,0.01889764
NOISE,143,0.02601493,0.16783217,0.01889764
NOISE,144,0.02572611,0.17361111,0.01968504
NOISE,145,0.02424094,0.17241379,0.01968504
NOISE,146,0.02309849,0.17123288,0.01968504
NOISE,147,0.02289508,0.17006803,0.01968504
NOISE,148,0.02278034,0.16891892,0.01968504
NOISE,149,0.02275977,0.16778523,0.01968504
NOISE,150,0.02215244,0.16666667,0.01968504
NOISE,151,0.02171360,0.16556291,0.01968504
NOISE,152,0.02168901,0.16447368,0.01968504
NOISE,153,0.02158757,0.16339869,0.01968504
NOISE,154,0.02075722,0.16233766,0.01968504
NOISE,155,0.02027186,0.16129032,0.01968504
NOISE,156,0.01981310,0.16666667,0.02047244
NOISE,157,0.01956740,0.16560510,0.02047244
NOISE,158,0.01903307,0.16455696,0.02047244
NOISE,159,0.01888062,0.16352201,0.02047244
NOISE,160,0.01886603,0.16250000,0.02047244
NOISE,161,0.01866463,0.16149068,0.02047244
NOISE,162,0.01852843,0.16049383,0.02047244
NOISE,163,0.01797835,0.15950920,0.02047244
NOISE,164,0.01733554,0.15853659,0.02047244
NOISE,165,0.01728144,0.15757576,0.02047244
NOISE,166,0.01658590,0.15662651,0.02047244
NOISE,167,0.01646226,0.16167665,0.02125984
NOISE,168,0.01629551,0.16071429,0.02125984
NOISE,169,0.01609881,0.15976331,0.02125984
NOISE,170,0.01568623,0.15882353,0.02125984
NOISE,171,0.01536314,0.15789474,0.02125984
NOISE,172,0.01500179,0.15697674,0.02125984
NOISE,173,0.01496541,0.15606936,0.02125984
NOISE,174,0.01418199,0.15517241,0.02125984
NOISE,175,0.01380147,0.15428571,0.02125984
NOISE,176,0.01362489,0.15340909,0.02125984
NOISE,177,0.01360745,0.15254237,0.02125984
NOISE,178,0.01318085,0.15168539,0.02125984
NOISE,179,0.01311783,0.15083799,0.02125984
NOISE,180,0.01307553,0.15000000,0.02125984
NOISE,181,0.01269104,0.14917127,0.02125984
NOISE,182,0.01243279,0.14835165,0.02125984
NOISE,183,0.01200075,0.15300546,0.02204724
NOISE,184,0.01198823,0.15760870,0.02283465
NOISE,185,0.01185504,0.15675676,0.02283465
NOISE,186,0.01173359,0.15591398,0.02283465
NOISE,187,0.01118089,0.16042781,0.02362205
NOISE,188,0.01073549,0.15957447,0.02362205
NOISE,189,0.01063096,0.15873016,0.02362205
NOISE,190,0.01057943,0.15789474,0.02362205
NOISE,191,0.01053310,0.16230366,0.02440945
NOISE,192,0.01046225,0.16145833,0.02440945
NOISE,193,0.01045056,0.16062176,0.02440945
NOISE,194,0.01036082,0.15979381,0.02440945
NOISE,195,0.01020492,0.15897436,0.02440945
NOISE,196,0.01020102,0.15816327,0.02440945
NOISE,197,0.01009580,0.15736041,0.02440945
NOISE,198,0.00986942,0.15656566,0.02440945
NOISE,199,0.00981753,0.15577889,0.02440945
NOISE,200,0.00981555,0.15500000,0.02440945
NOISE,201,0.00971486,0.15422886,0.02440945
NOISE,202,0.00962772,0.15346535,0.02440945
NOISE,203,0.00954237,0.15270936,0.02440945
NOISE,204,0.00953868,0.15196078,0.02440945
NOISE,205,0.00926641,0.15121951,0.02440945
NOISE,206,0.00922189,0.15048544,0.02440945
NOISE,207,0.00921308,0.14975845,0.02440945
NOISE,208,0.00920329,0.14903846,0.02440945
NOISE,209,0.00903321,0.14832536,0.02440945
NOISE,210,0.00898604,0.14761905,0.02440945
NOISE,211,0.00885303,0.14691943,0.02440945
NOISE,212,0.00866339,0.14622642,0.02440945
NOISE,213,0.00862818,0.14553991,0.02440945
NOISE,214,0.00859161,0.14485981,0.02440945
NOISE,215,0.00836143,0.14418605,0.02440945
NOISE,216,0.00828404,0.14351852,0.02440945
NOISE,217,0.00821157,0.14285714,0.02440945
NOISE,218,0.00814350,0.14220183,0.02440945
NOISE,219,0.00778586,0.14155251,0.02440945
NOISE,220,0.00773047,0.14090909,0.02440945
NOISE,221,0.00751438,0.14027149,0.02440945
NOISE,222,0.00730537,0.13963964,0.02440945
NOISE,223,0.00720346,0.13901345,0.02440945
NOISE,224,0.00715734,0.14285714,0.02519685
NOISE,225,0.00715239,0.14666667,0.02598425
NOISE,226,0.00710779,0.14601770,0.02598425
NOISE,227,0.00681225,0.14537445,0.02598425
NOISE,228,0.00676278,0.14473684,0.02598425
NOISE,229,0.00668848,0.14410480,0.02598425
NOISE,230,0.00662549,0.14782609,0.02677165
NOISE,231,0.00656691,0.14718615,0.02677165
NOISE,232,0.00629300,0.14655172,0.02677165
NOISE,233,0.00628632,0.15021459,0.02755906
NOISE,234,0.00622035,0.14957265,0.02755906
NOISE,235,0.00619818,0.14893617,0.02755906
NOISE,236,0.00613567,0.14830508,0.02755906
NOISE,237,0.00611256,0.14767932,0.02755906
NOISE,238,0.00585584,0.15126050,0.02834646
NOISE,239,0.00576513,0.15062762,0.02834646
NOISE,240,0.00570900,0.15000000,0.02834646
NOISE,241,0.00556498,0.15352697,0.02913386
NOISE,242,0.00554495,0.15289256,0.02913386
NOISE,243,0.00552462,0.15226337,0.02913386
NOISE,244,0.00550431,0.15163934,0.02913386
NOISE,245,0.00544090,0.15102041,0.02913386
NOISE,246,0.00537459,0.15040650,0.02913386
NOISE,247,0.00536134,0.14979757,0.02913386
NOISE,248,0.00534342,0.14919355,0.02913386
NOISE,249,0.00531980,0.14859438,0.02913386
NOISE,250,0.00530692,0.14800000,0.02913386
NOISE,251,0.00526814,0.14741036,0.02913386
NOISE,252,0.00521420,0.14682540,0.02913386
NOISE,253,0.00517052,0.14624506,0.02913386
NOISE,254,0.00516040,0.14566929,0.02913386
NOISE,255,0.00513860,0.14509804,0.02913386
NOISE,256,0.00507125,0.14453125,0.02913386
NOISE,257,0.00505542,0.14396887,0.02913386
NOISE,258,0.00490613,0.14341085,0.02913386
NOISE,259,0.00488412,0.14285714,0.02913386
NOISE,260,0.00470410,0.14230769,0.02913386
NOISE,261,0.00456523,0.14176245,0.02913386
NOISE,262,0.00453971,0.14122137,0.02913386
NOISE,263,0.00452819,0.14068441,0.02913386
NOISE,264,0.00445350,0.14015152,0.02913386
NOISE,265,0.00444943,0.13962264,0.02913386
NOISE,266,0.00433645,0.13909774,0.02913386
NOISE,267,0.00422855,0.13857678,0.02913386
NOISE,268,0.00420981,0.13805970,0.02913386
NOISE,269,0.00419067,0.13754647,0.02913386
NOISE,270,0.00418192,0.13703704,0.02913386
NOISE,271,0.00410054,0.13653137,0.02913386
NOISE,272,0.00407963,0.13602941,0.02913386
NOISE,273,0.00403478,0.13553114,0.02913386
NOISE,274,0.00396945,0.13503650,0.02913386
NOISE,275,0.00394656,0.13454545,0.02913386
NOISE,276,0.00394081,0.13405797,0.02913386
NOISE,277,0.00386601,0.13357401,0.02913386
NOISE,278,0.00383943,0.13309353,0.02913386
NOISE,279,0.00382956,0.13261649,0.02913386
NOISE,280,0.00373369,0.13214286,0.02913386
NOISE,281,0.00370955,0.13167260,0.02913386
NOISE,282,0.00370700,0.13120567,0.02913386
NOISE,283,0.00368028,0.13074205,0.02913386
NOISE,284,0.00362710,0.13028169,0.02913386
NOISE,285,0.00359814,0.12982456,0.02913386
NOISE,286,0.00358324,0.12937063,0.02913386
NOISE,287,0.00357171,0.12891986,0.02913386
NOISE,288,0.00354867,0.12847222,0.02913386
NOISE,289,0.00354798,0.12802768,0.02913386
NOISE,290,0.00353785,0.12758621,0.02913386
NOISE,291,0.00349864,0.12714777,0.02913386
NOISE,292,0.00347119,0.12671233,0.02913386
NOISE,293,0.00345263,0.12627986,0.02913386
NOISE,294,0.00345070,0.12585034,0.02913386
NOISE,295,0.00341252,0.12542373,0.02913386
NOISE,296,0.00341099,0.12500000,0.02913386
NOISE,297,0.00337879,0.12457912,0.02913386
NOISE,298,0.00336044,0.12416107,0.02913386
NOISE,299,0.00332128,0.12374582,0.02913386
NOISE,300,0.00324762,0.12333333,0.02913386
NOISE,301,0.00323343,0.12292359,0.02913386
NOISE,302,0.00318602,0.12251656,0.02913386
NOISE,303,0.00315579,0.12211221,0.02913386
NOISE,304,0.00314317,0.12171053,0.02913386
NOISE,305,0.00313994,0.12131148,0.02913386
NOISE,306,0.00311111,0.12091503,0.02913386
NOISE,307,0.00306796,0.12052117,0.02913386
NOISE,308,0.00306401,0.12012987,0.02913386
NOISE,309,0.00305759,0.11974110,0.02913386
NOISE,310,0.00305017,0.12258065,0.02992126
NOISE,311,0.00302190,0.12218650,0.02992126
NOISE,312,0.00299478,0.12179487,0.02992126
NOISE,313,0.00297729,0.12140575,0.02992126
NOISE,314,0.00297649,0.12101911,0.02992126
NOISE,315,0.00292455,0.12063492,0.02992126
NOISE,316,0.00292292,0.12025316,0.02992126
NOISE,317,0.00292157,0.11987382,0.02992126
NOISE,318,0.00291508,0.11949686,0.02992126
NOISE,319,0.00291204,0.11912226,0.02992126
NOISE,320,0.00282897,0.11875000,0.02992126
NOISE,321,0.00281760,0.11838006,0.02992126
NOISE,322,0.00279109,0.11801242,0.02992126
NOISE,323,0.00274650,0.11764706,0.02992126
NOISE,324,0.00271583,0.11728395,0.02992126
NOISE,325,0.00268996,0.11692308,0.02992126
NOISE,326,0.00266314,0.11656442,0.02992126
NOISE,327,0.00265087,0.11620795,0.02992126
NOISE,328,0.00264689,0.11585366,0.02992126
NOISE,329,0.00261981,0.11550152,0.02992126
NOISE,330,0.00260987,0.11515152,0.02992126
NOISE,331,0.00260121,0.11480363,0.02992126
NOISE,332,0.00260066,0.11445783,0.02992126
NOISE,333,0.00253713,0.11411411,0.02992126
NOISE,334,0.00252926,0.11377246,0.02992126
NOISE,335,0.00252567,0.11343284,0.02992126
NOISE,336,0.00252337,0.11309524,0.02992126
NOISE,337,0.00252169,0.11275964,0.02992126
NOISE,338,0.00251713,0.11242604,0.02992126
NOISE,339,0.00250277,0.11209440,0.02992126
NOISE,340,0.00250080,0.11176471,0.02992126
NOISE,341,0.00249231,0.11143695,0.02992126
NOISE,342,0.00249165,0.11111111,0.02992126
NOISE,343,0.00248671,0.11078717,0.02992126
NOISE,344,0.00248222,0.11046512,0.02992126
NOISE,345,0.00246929,0.11014493,0.02992126
NOISE,346,0.00246534,0.10982659,0.02992126
NOISE,347,0.00244276,0.10951009,0.02992126
NOISE,348,0.00240642,0.10919540,0.02992126
NOISE,349,0.00238660,0.10888252,0.02992126
NOISE,350,0.00230709,0.10857143,0.02992126
NOISE,351,0.00227543,0.10826211,0.02992126
NOISE,352,0.00226198,0.10795455,0.02992126
NOISE,353,0.00225420,0.10764873,0.02992126
NOISE,354,0.00225124,0.10734463,0.02992126
NOISE,355,0.00224812,0.10704225,0.02992126
NOISE,356,0.00223306,0.10674157,0.02992126
NOISE,357,0.00222930,0.10644258,0.02992126
NOISE,358,0.00222737,0.10614525,0.02992126
NOISE,359,0.00222510,0.10584958,0.02992126
NOISE,360,0.00221762,0.10555556,0.02992126
NOISE,361,0.00220098,0.10526316,0.02992126
NOISE,362,0.00219394,0.10497238,0.02992126
NOISE,363,0.00216663,0.10743802,0.03070866
NOISE,364,0.00215299,0.10714286,0.03070866
NOISE,365,0.00214275,0.10684932,0.03070866
NOISE,366,0.00214139,0.10655738,0.03070866
NOISE,367,0.00212697,0.10626703,0.03070866
NOISE,368,0.00211238,0.10597826,0.03070866
NOISE,369,0.00209440,0.10569106,0.03070866
NOISE,370,0.00207832,0.10540541,0.03070866
NOISE,371,0.00207777,0.10512129,0.03070866
NOISE,372,0.00205100,0.10752688,0.03149606
NOISE,373,0.00204393,0.10723861,0.03149606
NOISE,374,0.00204119,0.10695187,0.03149606
NOISE,375,0.00204005,0.10666667,0.03149606
NOISE,376,0.00202776,0.10638298,0.03149606
NOISE,377,0.00202633,0.10610080,0.03149606
NOISE,378,0.00200542,0.10582011,0.03149606
NOISE,379,0.00200439,0.10554090,0.03149606
NOISE,380,0.00199940,0.10526316,0.03149606
NOISE,381,0.00198710,0.10498688,0.03149606
NOISE,382,0.00196400,0.10471204,0.03149606
NOISE,383,0.00195916,0.10443864,0.03149606
NOISE,384,0.00195345,0.10416667,0.03149606
NOISE,385,0.00194402,0.10389610,0.03149606
NOISE,386,0.00194397,0.10362694,0.03149606
NOISE,387,0.00194093,0.10335917,0.03149606
NOISE,388,0.00193566,0.10309278,0.03149606
NOISE,389,0.00190508,0.10282776,0.03149606
NOISE,390,0.00190111,0.10256410,0.03149606
NOISE,391,0.00188337,0.10485934,0.03228346
NOISE,392,0.00187144,0.10459184,0.03228346
NOISE,393,0.00187062,0.10432570,0.03228346
NOISE,394,0.00186818,0.10406091,0.03228346
NOISE,395,0.00185874,0.10379747,0.03228346
NOISE,396,0.00183946,0.10353535,0.03228346
NOISE,397,0.00183771,0.10327456,0.03228346
NOISE,398,0.00182526,0.10301508,0.03228346
NOISE,399,0.00180347,0.10526316,0.03307087
NOISE,400,0.00180283,0.10500000,0.03307087
NOISE,401,0.00178793,0.10473815,0.03307087
NOISE,402,0.00177762,0.10447761,0.03307087
NOISE,403,0.00169067,0.10421836,0.03307087
NOISE,404,0.00166763,0.10396040,0.03307087
NOISE,405,0.00165742,0.10370370,0.03307087
NOISE,406,0.00165328,0.10344828,0.03307087
NOISE,407,0.00165125,0.10319410,0.03307087
NOISE,408,0.00165012,0.10294118,0.03307087
NOISE,409,0.00162512,0.10268949,0.03307087
NOISE,410,0.00161472,0.10243902,0.03307087
NOISE,411,0.00161148,0.10462287,0.03385827
NOISE,412,0.00160698,0.10436893,0.03385827
NOISE,413,0.00159449,0.10411622,0.03385827
NOISE,414,0.00159130,0.10386473,0.03385827
NOISE,415,0.00159012,0.10361446,0.03385827
NOISE,416,0.00156946,0.10336538,0.03385827
NOISE,417,0.00154338,0.10311751,0.03385827
NOISE,418,0.00152638,0.10526316,0.03464567
NOISE,419,0.00152457,0.10501193,0.03464567
NOISE,420,0.00150889,0.10476190,0.03464567
NOISE,421,0.00150561,0.10451306,0.03464567
NOISE,422,0.00149023,0.10426540,0.03464567
NOISE,423,0.00148416,0.10401891,0.03464567
NOISE,424,0.00145918,0.10377358,0.03464567
NOISE,425,0.00145910,0.10588235,0.03543307
NOISE,426,0.00144913,0.10563380,0.03543307
NOISE,427,0.00144868,0.10538642,0.03543307
NOISE,428,0.00144745,0.10514019,0.03543307
NOISE,429,0.00144551,0.10489510,0.03543307
NOISE,430,0.00144309,0.10465116,0.03543307
NOISE,431,0.00143749,0.10440835,0.03543307
NOISE,432,0.00143388,0.10416667,0.03543307
NOISE,433,0.00143060,0.10392610,0.03543307
NOISE,434,0.00140457,0.10368664,0.03543307
NOISE,435,0.00139561,0.10344828,0.03543307
NOISE,436,0.00137392,0.10321101,0.03543307
NOISE,437,0.00137010,0.10297483,0.03543307
NOISE,438,0.00136393,0.10273973,0.03543307
NOISE,439,0.00136306,0.10250569,0.03543307
NOISE,440,0.00136160,0.10227273,0.03543307
NOISE,441,0.00136024,0.10204082,0.03543307
NOISE,442,0.00134899,0.10180995,0.03543307
NOISE,443,0.00133559,0.10158014,0.03543307
NOISE,444,0.00131156,0.10135135,0.03543307
NOISE,445,0.00130905,0.10112360,0.03543307
NOISE,446,0.00130788,0.10089686,0.03543307
NOISE,447,0.00130505,0.10067114,0.03543307
NOISE,448,0.00130399,0.10044643,0.03543307
NOISE,449,0.00130108,0.10022272,0.03543307
NOISE,450,0.00129884,0.10000000,0.03543307
NOISE,451,0.00128241,0.09977827,0.03543307
NOISE,452,0.00127771,0.09955752,0.03543307
NOISE,453,0.00126993,0.09933775,0.03543307
NOISE,454,0.00126978,0.10132159,0.03622047
NOISE,455,0.00124042,0.10109890,0.03622047
NOISE,456,0.00123254,0.10087719,0.03622047
NOISE,457,0.00122793,0.10065646,0.03622047
NOISE,458,0.00122694,0.10043668,0.03622047
NOISE,459,0.00121833,0.10021786,0.03622047
NOISE,460,0.00120721,0.10000000,0.03622047
NOISE,461,0.00119170,0.09978308,0.03622047
NOISE,462,0.00117941,0.09956710,0.03622047
NOISE,463,0.00117711,0.09935205,0.03622047
NOISE,464,0.00117201,0.09913793,0.03622047
NOISE,465,0.00116712,0.09892473,0.03622047
NOISE,466,0.00116561,0.09871245,0.03622047
NOISE,467,0.00116239,0.09850107,0.03622047
NOISE,468,0.00115701,0.09829060,0.03622047
NOISE,469,0.00115594,0.09808102,0.03622047
NOISE,470,0.00115335,0.09787234,0.03622047
NOISE,471,0.00113585,0.09766454,0.03622047
NOISE,472,0.00113235,0.09745763,0.03622047
NOISE,473,0.00112881,0.09725159,0.03622047
NOISE,474,0.00112060,0.09704641,0.03622047
NOISE,475,0.00112000,0.09684211,0.03622047
NOISE,476,0.00111798,0.09663866,0.03622047
NOISE,477,0.00111169,0.09643606,0.03622047
NOISE,478,0.00110510,0.09623431,0.03622047
NOISE,479,0.00110478,0.09603340,0.03622047
NOISE,480,0.00110411,0.09583333,0.03622047
NOISE,481,0.00110117,0.09563410,0.03622047
NOISE,482,0.00109932,0.09543568,0.03622047
NOISE,483,0.00109818,0.09523810,0.03622047
NOISE,484,0.00109412,0.09504132,0.03622047
NOISE,485,0.00108422,0.09484536,0.03622047
NOISE,486,0.00107146,0.09465021,0.03622047
NOISE,487,0.00106889,0.09445585,0.03622047
NOISE,488,0.00106865,0.09426230,0.03622047
NOISE,489,0.00105959,0.09406953,0.03622047
NOISE,490,0.00105497,0.09387755,0.03622047
NOISE,491,0.00105246,0.09368635,0.03622047
NOISE,492,0.00104753,0.09349593,0.03622047
NOISE,493,0.00104462,0.09330629,0.03622047
NOISE,494,0.00104457,0.09514170,0.03700787
NOISE,495,0.00102935,0.09494949,0.03700787
NOISE,496,0.00101833,0.09475806,0.03700787
NOISE,497,0.00101334,0.09456740,0.03700787
NOISE,498,0.00101250,0.09437751,0.03700787
NOISE,499,0.00101067,0.09418838,0.03700787
NOISE,500,0.00099945,0.09400000,0.03700787
NOISE,501,0.00099850,0.09381238,0.03700787
NOISE,502,0.00099574,0.09362550,0.03700787
NOISE,503,0.00099451,0.09343936,0.03700787
NOISE,504,0.00097819,0.09325397,0.03700787
NOISE,505,0.00097767,0.09306931,0.03700787
NOISE,506,0.00097339,0.09288538,0.03700787
NOISE,507,0.00095457,0.09270217,0.03700787
NOISE,508,0.00095379,0.09251969,0.03700787
NOISE,509,0.00095082,0.09233792,0.03700787
NOISE,510,0.00094837,0.09215686,0.03700787
NOISE,511,0.00094804,0.09197652,0.03700787
NOISE,512,0.00094472,0.09179688,0.03700787
NOISE,513,0.00094195,0.09161793,0.03700787
NOISE,514,0.00094081,0.09143969,0.03700787
NOISE,515,0.00094028,0.09126214,0.03700787
NOISE,516,0.00093486,0.09108527,0.03700787
NOISE,517,0.00093466,0.09090909,0.03700787
NOISE,518,0.00092199,0.09073359,0.03700787
NOISE,519,0.00091548,0.09055877,0.03700787
NOISE,520,0.00091455,0.09038462,0.03700787
NOISE,521,0.00089571,0.09021113,0.03700787
NOISE,522,0.00089207,0.09003831,0.03700787
NOISE,523,0.00088804,0.08986616,0.03700787
NOISE,524,0.00088764,0.08969466,0.03700787
NOISE,525,0.00088701,0.08952381,0.03700787
NOISE,526,0.00086136,0.08935361,0.03700787
NOISE,527,0.00086007,0.08918406,0.03700787
NOISE,528,0.00085600,0.08901515,0.03700787
NOISE,529,0.00084977,0.08884688,0.03700787
NOISE,530,0.00084859,0.08867925,0.03700787
NOISE,531,0.00084727,0.08851224,0.03700787
NOISE,532,0.00084535,0.08834586,0.03700787
NOISE,533,0.00084177,0.08818011,0.03700787
NOISE,534,0.00083837,0.08801498,0.03700787
NOISE,535,0.00083393,0.08785047,0.03700787
NOISE,536,0.00083251,0.08768657,0.03700787
NOISE,537,0.00082335,0.08752328,0.03700787
NOISE,538,0.00082084,0.08736059,0.03700787
NOISE,539,0.00081930,0.08719852,0.03700787
NOISE,540,0.00081848,0.08703704,0.03700787
NOISE,541,0.00081215,0.08687616,0.03700787
NOISE,542,0.00077824,0.08671587,0.03700787
NOISE,543,0.00077288,0.08655617,0.03700787
NOISE,544,0.00077044,0.08639706,0.03700787
NOISE,545,0.00076663,0.08623853,0.03700787
NOISE,546,0.00076558,0.08608059,0.03700787
NOISE,547,0.00076348,0.08592322,0.03700787
NOISE,548,0.00075557,0.08576642,0.03700787
NOISE,549,0.00074610,0.08561020,0.03700787
NOISE,550,0.00073871,0.08545455,0.03700787
NOISE,551,0.00073533,0.08529946,0.03700787
NOISE,552,0.00073386,0.08514493,0.03700787
NOISE,553,0.00073375,0.08499096,0.03700787
NOISE,554,0.00072702,0.08483755,0.03700787
NOISE,555,0.00072301,0.08468468,0.03700787
NOISE,556,0.00071225,0.08453237,0.03700787
NOISE,557,0.00071165,0.08438061,0.03700787
NOISE,558,0.00071133,0.08422939,0.03700787
NOISE,559,0.00070803,0.08407871,0.03700787
NOISE,560,0.00070235,0.08392857,0.03700787
NOISE,561,0.00069878,0.08377897,0.03700787
NOISE,562,0.00069846,0.08362989,0.03700787
NOISE,563,0.00069764,0.08348135,0.03700787
NOISE,564,0.00069679,0.08333333,0.03700787
NOISE,565,0.00069591,0.08318584,0.03700787
NOISE,566,0.00068877,0.08303887,0.03700787
NOISE,567,0.00068859,0.08289242,0.03700787
NOISE,568,0.00067896,0.08274648,0.03700787
NOISE,569,0.00067862,0.08260105,0.03700787
NOISE,570,0.00067656,0.08245614,0.03700787
NOISE,571,0.00067606,0.08231173,0.03700787
NOISE,572,0.00067407,0.08216783,0.03700787
NOISE,573,0.00067176,0.08202443,0.03700787
NOISE,574,0.00066538,0.08188153,0.03700787
NOISE,575,0.00065726,0.08173913,0.03700787
NOISE,576,0.00065583,0.08159722,0.03700787
NOISE,577,0.00064363,0.08145581,0.03700787
NOISE,578,0.00064234,0.08131488,0.03700787
NOISE,579,0.00064166,0.08117444,0.03700787
NOISE,580,0.00064097,0.08103448,0.03700787
NOISE,581,0.00063214,0.08089501,0.03700787
NOISE,582,0.00062697,0.08075601,0.03700787
NOISE,583,0.00062131,0.08061750,0.03700787
NOISE,584,0.00062073,0.08047945,0.03700787
NOISE,585,0.00061894,0.08034188,0.03700787
NOISE,586,0.00061273,0.08020478,0.03700787
NOISE,587,0.00061146,0.08006814,0.03700787
NOISE,588,0.00060727,0.07993197,0.03700787
NOISE,589,0.00060327,0.07979626,0.03700787
NOISE,590,0.00059540,0.07966102,0.03700787
NOISE,591,0.00059516,0.08121827,0.03779528
NOISE,592,0.00059512,0.08108108,0.03779528
NOISE,593,0.00058807,0.08094435,0.03779528
NOISE,594,0.00058787,0.08080808,0.03779528
NOISE,595,0.00058343,0.08067227,0.03779528
NOISE,596,0.00057950,0.08053691,0.03779528
NOISE,597,0.00057818,0.08040201,0.03779528
NOISE,598,0.00057436,0.08026756,0.03779528
NOISE,599,0.00057318,0.08013356,0.03779528
NOISE,600,0.00056904,0.08000000,0.03779528
NOISE,601,0.00056534,0.07986689,0.03779528
NOISE,602,0.00056330,0.07973422,0.03779528
NOISE,603,0.00056048,0.07960199,0.03779528
NOISE,604,0.00055388,0.08112583,0.03858268
NOISE,605,0.00054902,0.08099174,0.03858268
NOISE,606,0.00054839,0.08085809,0.03858268
NOISE,607,0.00054831,0.08072488,0.03858268
NOISE,608,0.00054757,0.08059211,0.03858268
NOISE,609,0.00054114,0.08045977,0.03858268
NOISE,610,0.00052845,0.08032787,0.03858268
NOISE,611,0.00052789,0.08019640,0.03858268
NOISE,612,0.00052463,0.08006536,0.03858268
NOISE,613,0.00051433,0.07993475,0.03858268
NOISE,614,0.00050591,0.07980456,0.03858268
NOISE,615,0.00050194,0.07967480,0.03858268
NOISE,616,0.00050188,0.07954545,0.03858268
NOISE,617,0.00049991,0.07941653,0.03858268
NOISE,618,0.00049728,0.07928803,0.03858268
NOISE,619,0.00049621,0.07915994,0.03858268
NOISE,620,0.00049054,0.07903226,0.03858268
NOISE,621,0.00048975,0.07890499,0.03858268
NOISE,622,0.00048796,0.07877814,0.03858268
NOISE,623,0.00047961,0.07865169,0.03858268
NOISE,624,0.00047612,0.07852564,0.03858268
NOISE,625,0.00047395,0.07840000,0.03858268
NOISE,626,0.00047161,0.07827476,0.03858268
NOISE,627,0.00046398,0.07814992,0.03858268
NOISE,628,0.00046374,0.07802548,0.03858268
NOISE,629,0.00046195,0.07790143,0.03858268
NOISE,630,0.00045885,0.07777778,0.03858268
NOISE,631,0.00045210,0.07765452,0.03858268
NOISE,632,0.00045156,0.07753165,0.03858268
NOISE,633,0.00045132,0.07740916,0.03858268
NOISE,634,0.00044027,0.07728707,0.03858268
NOISE,635,0.00043063,0.07716535,0.03858268
NOISE,636,0.00042979,0.07704403,0.03858268
NOISE,637,0.00042839,0.07692308,0.03858268
NOISE,638,0.00042438,0.07680251,0.03858268
NOISE,639,0.00041893,0.07668232,0.03858268
NOISE,640,0.00041854,0.07656250,0.03858268
NOISE,641,0.00041840,0.07644306,0.03858268
NOISE,642,0.00041425,0.07632399,0.03858268
NOISE,643,0.00041400,0.07620529,0.03858268
NOISE,644,0.00040621,0.07608696,0.03858268
NOISE,645,0.00040599,0.07596899,0.03858268
NOISE,646,0.00040449,0.07585139,0.03858268
NOISE,647,0.00040444,0.07573416,0.03858268
NOISE,648,0.00040345,0.07561728,0.03858268
NOISE,649,0.00039637,0.07550077,0.03858268
NOISE,650,0.00038750,0.07538462,0.03858268
NOISE,651,0.00038627,0.07526882,0.03858268
NOISE,652,0.00038613,0.07515337,0.03858268
NOISE,653,0.00038321,0.07503828,0.03858268
NOISE,654,0.00038010,0.07492355,0.03858268
NOISE,655,0.00038003,0.07480916,0.03858268
NOISE,656,0.00037798,0.07469512,0.03858268
NOISE,657,0.00037485,0.07458143,0.03858268
NOISE,658,0.00036879,0.07446809,0.03858268
NOISE,659,0.00036006,0.07435508,0.03858268
NOISE,660,0.00034945,0.07424242,0.03858268
NOISE,661,0.00034673,0.07413011,0.03858268
NOISE,662,0.00033005,0.07401813,0.03858268
NOISE,663,0.00032112,0.07390649,0.03858268
NOISE,664,0.00030935,0.07379518,0.03858268
NOISE,665,0.00030469,0.07368421,0.03858268
NOISE,666,0.00030285,0.07357357,0.03858268
NOISE,667,0.00029463,0.07346327,0.03858268
NOISE,668,0.00029393,0.07335329,0.03858268
NOISE,669,0.00029330,0.07324365,0.03858268
NOISE,670,0.00028998,0.07313433,0.03858268
NOISE,671,0.00028930,0.07302534,0.03858268
NOISE,672,0.00028737,0.07291667,0.03858268
NOISE,673,0.00027338,0.07280832,0.03858268
NOISE,674,0.00026420,0.07270030,0.03858268
NOISE,675,0.00025576,0.07259259,0.03858268
NOISE,676,0.00025463,0.07248521,0.03858268
NOISE,677,0.00025268,0.07237814,0.03858268
NOISE,678,0.00024564,0.07227139,0.03858268
NOISE,679,0.00023324,0.07216495,0.03858268
NOISE,680,0.00023236,0.07205882,0.03858268
NOISE,681,0.00022407,0.07195301,0.03858268
NOISE,682,0.00021172,0.07184751,0.03858268
NOISE,683,0.00021056,0.07174231,0.03858268
NOISE,684,0.00019134,0.07163743,0.03858268
NOISE,685,0.00019012,0.07153285,0.03858268
NOISE,686,0.00014898,0.07142857,0.03858268
OBJ,1,0.48774229,1.00000000,0.00078740
OBJ,2,0.38151709,0.50000000,0.00078740
OBJ,3,0.34720852,0.66666667,0.00157480
OBJ,4,0.32470172,0.75000000,0.00236220
OBJ,5,0.31847716,0.60000000,0.00236220
OBJ,6,0.29328620,0.50000000,0.00236220
OBJ,7,0.28585628,0.42857143,0.00236220
OBJ,8,0.28148977,0.37500000,0.00236220
OBJ,9,0.27719570,0.33333333,0.00236220
OBJ,10,0.24510116,0.30000000,0.00236220
OBJ,11,0.24314830,0.27272727,0.00236220
OBJ,12,0.22446455,0.25000000,0.00236220
OBJ,13,0.21738294,0.30769231,0.00314961
OBJ,14,0.21575178,0.28571429,0.00314961
OBJ,15,0.20981608,0.26666667,0.00314961
OBJ,16,0.20219787,0.25000000,0.00314961
OBJ,17,0.19013774,0.23529412,0.00314961
OBJ,18,0.18813646,0.22222222,0.00314961
OBJ,19,0.17921543,0.21052632,0.00314961
OBJ,20,0.17559600,0.20000000,0.00314961
OBJ,21,0.17343851,0.19047619,0.00314961
OBJ,22,0.17052579,0.18181818,0.00314961
OBJ,23,0.16976608,0.17391304,0.00314961
OBJ,24,0.16922955,0.20833333,0.00393701
OBJ,25,0.16798698,0.20000000,0.00393701
OBJ,26,0.16017207,0.23076923,0.00472441
OBJ,27,0.15948565,0.22222222,0.00472441
OBJ,28,0.15088002,0.21428571,0.00472441
OBJ,29,0.14858921,0.20689655,0.00472441
OBJ,30,0.14821251,0.20000000,0.00472441
OBJ,31,0.13973085,0.19354839,0.00472441
OBJ,32,0.13949004,0.21875000,0.00551181
OBJ,33,0.13839014,0.24242424,0.00629921
OBJ,34,0.13726979,0.23529412,0.00629921
OBJ,35,0.13528012,0.22857143,0.00629921
OBJ,36,0.13419951,0.25000000,0.00708661
OBJ,37,0.13301183,0.24324324,0.00708661
OBJ,38,0.13154462,0.23684211,0.00708661
OBJ,39,0.13082636,0.23076923,0.00708661
OBJ,40,0.12875228,0.22500000,0.00708661
OBJ,41,0.12823122,0.21951220,0.00708661
OBJ,42,0.12686082,0.21428571,0.00708661
OBJ,43,0.11687399,0.20930233,0.00708661
OBJ,44,0.11538148,0.20454545,0.00708661
OBJ,45,0.11453219,0.20000000,0.00708661
OBJ,46,0.11449122,0.19565217,0.00708661
OBJ,47,0.11332937,0.19148936,0.00708661
OBJ,48,0.11068184,0.18750000,0.00708661
OBJ,49,0.10993940,0.18367347,0.00708661
OBJ,50,0.10988889,0.18000000,0.00708661
OBJ,51,0.10675604,0.17647059,0.00708661
OBJ,52,0.10617247,0.17307692,0.00708661
OBJ,53,0.10369684,0.16981132,0.00708661
OBJ,54,0.10269257,0.16666667,0.00708661
OBJ,55,0.10200003,0.16363636,0.00708661
OBJ,56,0.09848801,0.16071429,0.00708661
OBJ,57,0.09692025,0.17543860,0.00787402
OBJ,58,0.09658754,0.17241379,0.00787402
OBJ,59,0.09624526,0.16949153,0.00787402
OBJ,60,0.09551045,0.16666667,0.00787402
OBJ,61,0.09508975,0.16393443,0.00787402
OBJ,62,0.09380256,0.16129032,0.00787402
OBJ,63,0.09327375,0.15873016,0.00787402
OBJ,64,0.09278084,0.15625000,0.00787402
OBJ,65,0.09216721,0.15384615,0.00787402
OBJ,66,0.09131984,0.15151515,0.00787402
OBJ,67,0.09016532,0.14925373,0.00787402
OBJ,68,0.08699231,0.14705882,0.00787402
OBJ,69,0.08693653,0.14492754,0.00787402
OBJ,70,0.08520295,0.14285714,0.00787402
OBJ,71,0.08474366,0.14084507,0.00787402
OBJ,72,0.08394617,0.13888889,0.00787402
OBJ,73,0.08163305,0.13698630,0.00787402
OBJ,74,0.08053805,0.13513514,0.00787402
OBJ,75,0.07942270,0.13333333,0.00787402
OBJ,76,0.07799946,0.13157895,0.00787402
OBJ,77,0.07781098,0.12987013,0.00787402
OBJ,78,0.07739234,0.12820513,0.00787402
OBJ,79,0.07664332,0.12658228,0.00787402
OBJ,80,0.07455431,0.13750000,0.00866142
OBJ,81,0.07349175,0.13580247,0.00866142
OBJ,82,0.07337073,0.13414634,0.00866142
OBJ,83,0.07333332,0.13253012,0.00866142
OBJ,84,0.07259722,0.13095238,0.00866142
OBJ,85,0.07187242,0.12941176,0.00866142
OBJ,86,0.07184694,0.12790698,0.00866142
OBJ,87,0.07159134,0.12643678,0.00866142
OBJ,88,0.07052116,0.12500000,0.00866142
OBJ,89,0.07034948,0.12359551,0.00866142
OBJ,90,0.07031454,0.12222222,0.00866142
OBJ,91,0.06973608,0.12087912,0.00866142
OBJ,92,0.06925693,0.11956522,0.00866142
OBJ,93,0.06879063,0.11827957,0.00866142
OBJ,94,0.06862407,0.11702128,0.00866142
OBJ,95,0.06819233,0.11578947,0.00866142
OBJ,96,0.06816741,0.11458333,0.00866142
OBJ,97,0.06810788,0.11340206,0.00866142
OBJ,98,0.06797853,0.11224490,0.00866142
OBJ,99,0.06749019,0.11111111,0.00866142
OBJ,100,0.06663454,0.11000000,0.00866142
OBJ,101,0.06578796,0.10891089,0.00866142
OBJ,102,0.06517298,0.10784314,0.00866142
OBJ,103,0.06475382,0.10679612,0.00866142
OBJ,104,0.06436325,0.11538462,0.00944882
OBJ,105,0.06403704,0.11428571,0.00944882
OBJ,106,0.06297394,0.11320755,0.00944882
OBJ,107,0.06294926,0.11214953,0.00944882
OBJ,108,0.06192428,0.11111111,0.00944882
OBJ,109,0.06181944,0.11009174,0.00944882
OBJ,110,0.06159293,0.10909091,0.00944882
OBJ,111,0.06120929,0.10810811,0.00944882
OBJ,112,0.06091346,0.10714286,0.00944882
OBJ,113,0.05981260,0.10619469,0.00944882
OBJ,114,0.05976782,0.10526316,0.00944882
OBJ,115,0.05931257,0.10434783,0.00944882
OBJ,116,0.05919404,0.10344828,0.00944882
OBJ,117,0.05907424,0.10256410,0.00944882
OBJ,118,0.05872325,0.10169492,0.00944882
OBJ,119,0.05870527,0.10084034,0.00944882
OBJ,120,0.05787498,0.10000000,0.00944882
OBJ,121,0.05753651,0.09917355,0.00944882
OBJ,122,0.05685989,0.09836066,0.00944882
OBJ,123,0.05657544,0.09756098,0.00944882
OBJ,124,0.05639297,0.09677419,0.00944882
OBJ,125,0.05637724,0.09600000,0.00944882
OBJ,126,0.05597109,0.09523810,0.00944882
OBJ,127,0.05589013,0.09448819,0.00944882
OBJ,128,0.05578103,0.09375000,0.00944882
OBJ,129,0.05573239,0.09302326,0.00944882
OBJ,130,0.05543640,0.09230769,0.00944882
OBJ,131,0.05510775,0.09160305,0.00944882
OBJ,132,0.05416195,0.09090909,0.00944882
OBJ,133,0.05414851,0.09022556,0.00944882
OBJ,134,0.05404480,0.08955224,0.00944882
OBJ,135,0.05395356,0.08888889,0.00944882
OBJ,136,0.05362375,0.08823529,0.00944882
OBJ,137,0.05322930,0.08759124,0.00944882
OBJ,138,0.05305646,0.08695652,0.00944882
OBJ,139,0.05262042,0.08633094,0.00944882
OBJ,140,0.05237938,0.08571429,0.00944882
OBJ,141,0.05232412,0.08510638,0.00944882
OBJ,142,0.05230550,0.08450704,0.00944882
OBJ,143,0.05193820,0.08391608,0.00944882
OBJ,144,0.05174574,0.08333333,0.00944882
OBJ,145,0.05144584,0.08275862,0.00944882
OBJ,146,0.05133028,0.08219178,0.00944882
OBJ,147,0.05131493,0.08163265,0.00944882
OBJ,148,0.05125178,0.08108108,0.00944882
OBJ,149,0.05118052,0.08053691,0.00944882
OBJ,150,0.05100647,0.08000000,0.00944882
OBJ,151,0.05081949,0.07947020,0.00944882
OBJ,152,0.05059261,0.07894737,0.00944882
OBJ,153,0.05046727,0.07843137,0.00944882
OBJ,154,0.05029004,0.07792208,0.00944882
OBJ,155,0.04996373,0.07741935,0.00944882
OBJ,156,0.04939284,0.07692308,0.00944882
OBJ,157,0.04913937,0.07643312,0.00944882
OBJ,158,0.04840254,0.07594937,0.00944882
OBJ,159,0.04786330,0.07547170,0.00944882
OBJ,160,0.04767663,0.07500000,0.00944882
OBJ,161,0.04760081,0.07453416,0.00944882
OBJ,162,0.04708588,0.07407407,0.00944882
OBJ,163,0.04707948,0.07361963,0.00944882
OBJ,164,0.04674193,0.07317073,0.00944882
OBJ,165,0.04671875,0.07272727,0.00944882
OBJ,166,0.04667961,0.07228916,0.00944882
OBJ,167,0.04662371,0.07185629,0.00944882
OBJ,168,0.04653370,0.07142857,0.00944882
OBJ,169,0.04635304,0.07100592,0.00944882
OBJ,170,0.04628980,0.07058824,0.00944882
OBJ,171,0.04621391,0.07017544,0.00944882
OBJ,172,0.04563341,0.06976744,0.00944882
OBJ,173,0.04555511,0.06936416,0.00944882
OBJ,174,0.04554211,0.06896552,0.00944882
OBJ,175,0.04537496,0.06857143,0.00944882
OBJ,176,0.04514817,0.06818182,0.00944882
OBJ,177,0.04501342,0.06779661,0.00944882
OBJ,178,0.04490890,0.06741573,0.00944882
OBJ,179,0.04485935,0.06703911,0.00944882
OBJ,180,0.04474020,0.06666667,0.00944882
OBJ,181,0.04456019,0.06629834,0.00944882
OBJ,182,0.04433146,0.06593407,0.00944882
OBJ,183,0.04421515,0.06557377,0.00944882
OBJ,184,0.04417167,0.06521739,0.00944882
OBJ,185,0.04405470,0.07027027,0.01023622
OBJ,186,0.04398317,0.06989247,0.01023622
OBJ,187,0.04380788,0.06951872,0.01023622
OBJ,188,0.04369875,0.06914894,0.01023622
OBJ,189,0.04361317,0.06878307,0.01023622
OBJ,190,0.04352058,0.06842105,0.01023622
OBJ,191,0.04327042,0.06806283,0.01023622
OBJ,192,0.04300590,0.06770833,0.01023622
OBJ,193,0.04297630,0.06735751,0.01023622
OBJ,194,0.04272865,0.06701031,0.01023622
OBJ,195,0.04272859,0.06666667,0.01023622
OBJ,196,0.04263239,0.06632653,0.01023622
OBJ,197,0.04260787,0.06598985,0.01023622
OBJ,198,0.04257549,0.06565657,0.01023622
OBJ,199,0.04233923,0.06532663,0.01023622
OBJ,200,0.04212714,0.06500000,0.01023622
OBJ,201,0.04153296,0.06467662,0.01023622
OBJ,202,0.04144390,0.06435644,0.01023622
OBJ,203,0.04132878,0.06403941,0.01023622
OBJ,204,0.04122676,0.06372549,0.01023622
OBJ,205,0.04115869,0.06341463,0.01023622
OBJ,206,0.04115023,0.06310680,0.01023622
OBJ,207,0.04111664,0.06280193,0.01023622
OBJ,208,0.04106370,0.06250000,0.01023622
OBJ,209,0.04105352,0.06220096,0.01023622
OBJ,210,0.04099030,0.06190476,0.01023622
OBJ,211,0.04085186,0.06161137,0.01023622
OBJ,212,0.04080683,0.06132075,0.01023622
OBJ,213,0.04072829,0.06103286,0.01023622
OBJ,214,0.04067546,0.06074766,0.01023622
OBJ,215,0.04055102,0.06046512,0.01023622
OBJ,216,0.04026770,0.06018519,0.01023622
OBJ,217,0.04009251,0.05990783,0.01023622
OBJ,218,0.04007948,0.05963303,0.01023622
OBJ,219,0.03999269,0.05936073,0.01023622
OBJ,220,0.03996210,0.05909091,0.01023622
OBJ,221,0.03995889,0.05882353,0.01023622
OBJ,222,0.03982232,0.05855856,0.01023622
OBJ,223,0.03977298,0.05829596,0.01023622
OBJ,224,0.03972543,0.05803571,0.01023622
OBJ,225,0.03957601,0.05777778,0.01023622
OBJ,226,0.03947634,0.05752212,0.01023622
OBJ,227,0.03943851,0.05726872,0.01023622
OBJ,228,0.03922929,0.05701754,0.01023622
OBJ,229,0.03899451,0.05676856,0.01023622
OBJ,230,0.03898606,0.05652174,0.01023622
OBJ,231,0.03891424,0.05627706,0.01023622
OBJ,232,0.03868775,0.05603448,0.01023622
OBJ,233,0.03864525,0.05579399,0.01023622
OBJ,234,0.03858850,0.05555556,0.01023622
OBJ,235,0.03856094,0.05531915,0.01023622
OBJ,236,0.03833732,0.05508475,0.01023622
OBJ,237,0.03813202,0.05485232,0.01023622
OBJ,238,0.03806625,0.05462185,0.01023622
OBJ,239,0.03804509,0.05439331,0.01023622
OBJ,240,0.03799467,0.05416667,0.01023622
OBJ,241,0.03788380,0.05394191,0.01023622
OBJ,242,0.03741873,0.05371901,0.01023622
OBJ,243,0.03729581,0.05349794,0.01023622
OBJ,244,0.03714259,0.05327869,0.01023622
OBJ,245,0.03699283,0.05306122,0.01023622
OBJ,246,0.03673726,0.05284553,0.01023622
OBJ,247,0.03650650,0.05263158,0.01023622
OBJ,248,0.03647322,0.05241935,0.01023622
OBJ,249,0.03633859,0.05220884,0.01023622
OBJ,250,0.03627305,0.05200000,0.01023622
OBJ,251,0.03619707,0.05179283,0.01023622
OBJ,252,0.03614746,0.05158730,0.01023622
OBJ,253,0.03614712,0.05138340,0.01023622
OBJ,254,0.03593422,0.05118110,0.01023622
OBJ,255,0.03566149,0.05098039,0.01023622
OBJ,256,0.03557992,0.05078125,0.01023622
OBJ,257,0.03557187,0.05058366,0.01023622
OBJ,258,0.03549676,0.05038760,0.01023622
OBJ,259,0.03546844,0.05019305,0.01023622
OBJ,260,0.03545011,0.05000000,0.01023622
OBJ,261,0.03540427,0.04980843,0.01023622
OBJ,262,0.03539364,0.04961832,0.01023622
OBJ,263,0.03537620,0.04942966,0.01023622
OBJ,264,0.03531993,0.04924242,0.01023622
OBJ,265,0.03525485,0.04905660,0.01023622
OBJ,266,0.03516435,0.04887218,0.01023622
OBJ,267,0.03506181,0.04868914,0.01023622
OBJ,268,0.03497950,0.04850746,0.01023622
OBJ,269,0.03495634,0.04832714,0.01023622
OBJ,270,0.03484551,0.04814815,0.01023622
OBJ,271,0.03482433,0.04797048,0.01023622
OBJ,272,0.03479504,0.04779412,0.01023622
OBJ,273,0.03478781,0.04761905,0.01023622
OBJ,274,0.03469099,0.04744526,0.01023622
OBJ,275,0.03442636,0.04727273,0.01023622
OBJ,276,0.03433373,0.04710145,0.01023622
OBJ,277,0.03429874,0.04693141,0.01023622
OBJ,278,0.03404458,0.04676259,0.01023622
OBJ,279,0.03403000,0.04659498,0.01023622
OBJ,280,0.03402739,0.04642857,0.01023622
OBJ,281,0.03402672,0.04626335,0.01023622
OBJ,282,0.03395413,0.04609929,0.01023622
OBJ,283,0.03393916,0.04593640,0.01023622
OBJ,284,0.03393577,0.04577465,0.01023622
OBJ,285,0.03388538,0.04561404,0.01023622
OBJ,286,0.03386557,0.04545455,0.01023622
OBJ,287,0.03385025,0.04529617,0.01023622
OBJ,288,0.03376596,0.04513889,0.01023622
OBJ,289,0.03355765,0.04498270,0.01023622
OBJ,290,0.03355662,0.04482759,0.01023622
OBJ,291,0.03353708,0.04467354,0.01023622
OBJ,292,0.03353064,0.04452055,0.01023622
OBJ,293,0.03351396,0.04436860,0.01023622
OBJ,294,0.03348128,0.04421769,0.01023622
OBJ,295,0.03336262,0.04406780,0.01023622
OBJ,296,0.03301420,0.04391892,0.01023622
OBJ,297,0.03293847,0.04377104,0.01023622
OBJ,298,0.03290291,0.04362416,0.01023622
OBJ,299,0.03288717,0.04347826,0.01023622
OBJ,300,0.03264769,0.04333333,0.01023622
OBJ,301,0.03257932,0.04318937,0.01023622
OBJ,302,0.03256484,0.04304636,0.01023622
OBJ,303,0.03236204,0.04290429,0.01023622
OBJ,304,0.03230559,0.04276316,0.01023622
OBJ,305,0.03221222,0.04262295,0.01023622
OBJ,306,0.03220238,0.04248366,0.01023622
OBJ,307,0.03219769,0.04234528,0.01023622
OBJ,308,0.03216548,0.04220779,0.01023622
OBJ,309,0.03214286,0.04207120,0.01023622
OBJ,310,0.03211609,0.04193548,0.01023622
OBJ,311,0.03208694,0.04501608,0.01102362
OBJ,312,0.03202956,0.04487179,0.01102362
OBJ,313,0.03192934,0.04472843,0.01102362
OBJ,314,0.03179525,0.04458599,0.01102362
OBJ,315,0.03165452,0.04444444,0.01102362
OBJ,316,0.03135336,0.04430380,0.01102362
OBJ,317,0.03133088,0.04416404,0.01102362
OBJ,318,0.03129459,0.04402516,0.01102362
OBJ,319,0.03123574,0.04388715,0.01102362
OBJ,320,0.03101491,0.04375000,0.01102362
OBJ,321,0.03090532,0.04361371,0.01102362
OBJ,322,0.03084549,0.04347826,0.01102362
OBJ,323,0.03078403,0.04334365,0.01102362
OBJ,324,0.03073239,0.04320988,0.01102362
OBJ,325,0.03061983,0.04307692,0.01102362
OBJ,326,0.03061386,0.04294479,0.01102362
OBJ,327,0.03053507,0.04281346,0.01102362
OBJ,328,0.03049846,0.04268293,0.01102362
OBJ,329,0.03048847,0.04255319,0.01102362
OBJ,330,0.03046886,0.04242424,0.01102362
OBJ,331,0.03045460,0.04229607,0.01102362
OBJ,332,0.03039022,0.04216867,0.01102362
OBJ,333,0.03032871,0.04204204,0.01102362
OBJ,334,0.03021880,0.04191617,0.01102362
OBJ,335,0.03014838,0.04179104,0.01102362
OBJ,336,0.02999956,0.04166667,0.01102362
OBJ,337,0.02989522,0.04154303,0.01102362
OBJ,338,0.02973052,0.04142012,0.01102362
OBJ,339,0.02970083,0.04129794,0.01102362
OBJ,340,0.02969886,0.04117647,0.01102362
OBJ,341,0.02960998,0.04105572,0.01102362
OBJ,342,0.02949502,0.04385965,0.01181102
OBJ,343,0.02949034,0.04373178,0.01181102
OBJ,344,0.02929172,0.04360465,0.01181102
OBJ,345,0.02924794,0.04347826,0.01181102
OBJ,346,0.02924707,0.04335260,0.01181102
OBJ,347,0.02919999,0.04610951,0.01259843
OBJ,348,0.02917546,0.04597701,0.01259843
OBJ,349,0.02912364,0.04584527,0.01259843
OBJ,350,0.02903337,0.04571429,0.01259843
OBJ,351,0.02894289,0.04558405,0.01259843
OBJ,352,0.02884237,0.04545455,0.01259843
OBJ,353,0.02882020,0.04532578,0.01259843
OBJ,354,0.02876917,0.04519774,0.01259843
OBJ,355,0.02876418,0.04507042,0.01259843
OBJ,356,0.02865880,0.04494382,0.01259843
OBJ,357,0.02863652,0.04481793,0.01259843
OBJ,358,0.02859012,0.04469274,0.01259843
OBJ,359,0.02854667,0.04456825,0.01259843
OBJ,360,0.02833361,0.04444444,0.01259843
OBJ,361,0.02830961,0.04432133,0.01259843
OBJ,362,0.02830642,0.04419890,0.01259843
OBJ,363,0.02823628,0.04407713,0.01259843
OBJ,364,0.02815262,0.04395604,0.01259843
OBJ,365,0.02813259,0.04383562,0.01259843
OBJ,366,0.02794421,0.04644809,0.01338583
OBJ,367,0.02794371,0.04632153,0.01338583
OBJ,368,0.02794137,0.04619565,0.01338583
OBJ,369,0.02787750,0.04607046,0.01338583
OBJ,370,0.02785928,0.04594595,0.01338583
OBJ,371,0.02772107,0.04582210,0.01338583
OBJ,372,0.02768000,0.04569892,0.01338583
OBJ,373,0.02766169,0.04557641,0.01338583
OBJ,374,0.02765733,0.04545455,0.01338583
OBJ,375,0.02761797,0.04533333,0.01338583
OBJ,376,0.02752100,0.04521277,0.01338583
OBJ,377,0.02747151,0.04509284,0.01338583
OBJ,378,0.02746708,0.04497354,0.01338583
OBJ,379,0.02732851,0.04485488,0.01338583
OBJ,380,0.02723939,0.04473684,0.01338583
OBJ,381,0.02712850,0.04461942,0.01338583
OBJ,382,0.02703356,0.04450262,0.01338583
OBJ,383,0.02703190,0.04438642,0.01338583
OBJ,384,0.02700925,0.04427083,0.01338583
OBJ,385,0.02700114,0.04415584,0.01338583
OBJ,386,0.02688622,0.04404145,0.01338583
OBJ,387,0.02682588,0.04392765,0.01338583
OBJ,388,0.02679592,0.04639175,0.01417323
OBJ,389,0.02679383,0.04627249,0.01417323
OBJ,390,0.02660684,0.04615385,0.01417323
OBJ,391,0.02657427,0.04603581,0.01417323
OBJ,392,0.02656441,0.04591837,0.01417323
OBJ,393,0.02656421,0.04580153,0.01417323
OBJ,394,0.02642715,0.04568528,0.01417323
OBJ,395,0.02622497,0.04556962,0.01417323
OBJ,396,0.02620858,0.04545455,0.01417323
OBJ,397,0.02618173,0.04534005,0.01417323
OBJ,398,0.02604948,0.04522613,0.01417323
OBJ,399,0.02604783,0.04511278,0.01417323
OBJ,400,0.02591711,0.04500000,0.01417323
OBJ,401,0.02586608,0.04488778,0.01417323
OBJ,402,0.02565829,0.04477612,0.01417323
OBJ,403,0.02556198,0.04466501,0.01417323
OBJ,404,0.02548642,0.04455446,0.01417323
OBJ,405,0.02539098,0.04444444,0.01417323
OBJ,406,0.02538717,0.04433498,0.01417323
OBJ,407,0.02529189,0.04422604,0.01417323
OBJ,408,0.02527122,0.04411765,0.01417323
OBJ,409,0.02525979,0.04400978,0.01417323
OBJ,410,0.02525761,0.04390244,0.01417323
OBJ,411,0.02523346,0.04379562,0.01417323
OBJ,412,0.02522316,0.04368932,0.01417323
OBJ,413,0.02518800,0.04358354,0.01417323
OBJ,414,0.02507860,0.04347826,0.01417323
OBJ,415,0.02501348,0.04337349,0.01417323
OBJ,416,0.02493348,0.04326923,0.01417323
OBJ,417,0.02492405,0.04316547,0.01417323
OBJ,418,0.02489558,0.04306220,0.01417323
OBJ,419,0.02489152,0.04295943,0.01417323
OBJ,420,0.02483645,0.04285714,0.01417323
OBJ,421,0.02478841,0.04275534,0.01417323
OBJ,422,0.02476384,0.04265403,0.01417323
OBJ,423,0.02470004,0.04255319,0.01417323
OBJ,424,0.02467084,0.04245283,0.01417323
OBJ,425,0.02459236,0.04235294,0.01417323
OBJ,426,0.02455534,0.04225352,0.01417323
OBJ,427,0.02452952,0.04215457,0.01417323
OBJ,428,0.02451241,0.04205607,0.01417323
OBJ,429,0.02447378,0.04195804,0.01417323
OBJ,430,0.02432607,0.04186047,0.01417323
OBJ,431,0.02425814,0.04176334,0.01417323
OBJ,432,0.02421359,0.04166667,0.01417323
OBJ,433,0.02420715,0.04157044,0.01417323
OBJ,434,0.02420681,0.04147465,0.01417323
OBJ,435,0.02412130,0.04137931,0.01417323
OBJ,436,0.02407670,0.04128440,0.01417323
OBJ,437,0.02399056,0.04118993,0.01417323
OBJ,438,0.02397768,0.04109589,0.01417323
OBJ,439,0.02396081,0.04100228,0.01417323
OBJ,440,0.02390530,0.04090909,0.01417323
OBJ,441,0.02390452,0.04081633,0.01417323
OBJ,442,0.02389411,0.04298643,0.01496063
OBJ,443,0.02389185,0.04288939,0.01496063
OBJ,444,0.02384912,0.04279279,0.01496063
OBJ,445,0.02375950,0.04269663,0.01496063
OBJ,446,0.02372146,0.04260090,0.01496063
OBJ,447,0.02371154,0.04250559,0.01496063
OBJ,448,0.02369293,0.04241071,0.01496063
OBJ,449,0.02360377,0.04231626,0.01496063
OBJ,450,0.02358022,0.04222222,0.01496063
OBJ,451,0.02358020,0.04212860,0.01496063
OBJ,452,0.02357396,0.04203540,0.01496063
OBJ,453,0.02353817,0.04194260,0.01496063
OBJ,454,0.02347670,0.04185022,0.01496063
OBJ,455,0.02340772,0.04175824,0.01496063
OBJ,456,0.02331440,0.04166667,0.01496063
OBJ,457,0.02326890,0.04157549,0.01496063
OBJ,458,0.02318369,0.04148472,0.01496063
OBJ,459,0.02307011,0.04139434,0.01496063
OBJ,460,0.02303214,0.04130435,0.01496063
OBJ,461,0.02300950,0.04121475,0.01496063
OBJ,462,0.02297058,0.04112554,0.01496063
OBJ,463,0.02292398,0.04103672,0.01496063
OBJ,464,0.02292368,0.04094828,0.01496063
OBJ,465,0.02291969,0.04086022,0.01496063
OBJ,466,0.02290090,0.04077253,0.01496063
OBJ,467,0.02278881,0.04068522,0.01496063
OBJ,468,0.02275892,0.04059829,0.01496063
OBJ,469,0.02272571,0.04051173,0.01496063
OBJ,470,0.02270778,0.04042553,0.01496063
OBJ,471,0.02270144,0.04033970,0.01496063
OBJ,472,0.02251759,0.04025424,0.01496063
OBJ,473,0.02248850,0.04016913,0.01496063
OBJ,474,0.02247475,0.04008439,0.01496063
OBJ,475,0.02237952,0.04000000,0.01496063
OBJ,476,0.02232879,0.03991597,0.01496063
OBJ,477,0.02231819,0.03983229,0.01496063
OBJ,478,0.02230642,0.03974895,0.01496063
OBJ,479,0.02226907,0.03966597,0.01496063
OBJ,480,0.02222909,0.03958333,0.01496063
OBJ,481,0.02221933,0.03950104,0.01496063
OBJ,482,0.02221839,0.03941909,0.01496063
OBJ,483,0.02220434,0.03933747,0.01496063
OBJ,484,0.02218232,0.03925620,0.01496063
OBJ,485,0.02213796,0.03917526,0.01496063
OBJ,486,0.02203340,0.03909465,0.01496063
OBJ,487,0.02199238,0.03901437,0.01496063
OBJ,488,0.02197528,0.03893443,0.01496063
OBJ,489,0.02196455,0.04089980,0.01574803
OBJ,490,0.02192387,0.04081633,0.01574803
OBJ,491,0.02191348,0.04073320,0.01574803
OBJ,492,0.02188364,0.04065041,0.01574803
OBJ,493,0.02180451,0.04056795,0.01574803
OBJ,494,0.02177349,0.04048583,0.01574803
OBJ,495,0.02174677,0.04040404,0.01574803
OBJ,496,0.02171573,0.04032258,0.01574803
OBJ,497,0.02163169,0.04024145,0.01574803
OBJ,498,0.02161393,0.04016064,0.01574803
OBJ,499,0.02154726,0.04008016,0.01574803
OBJ,500,0.02152550,0.04000000,0.01574803
OBJ,501,0.02145257,0.03992016,0.01574803
OBJ,502,0.02142361,0.03984064,0.01574803
OBJ,503,0.02134884,0.03976143,0.01574803
OBJ,504,0.02132881,0.03968254,0.01574803
OBJ,505,0.02131982,0.03960396,0.01574803
OBJ,506,0.02129732,0.03952569,0.01574803
OBJ,507,0.02126931,0.03944773,0.01574803
OBJ,508,0.02121811,0.03937008,0.01574803
OBJ,509,0.02111689,0.03929273,0.01574803
OBJ,510,0.02108643,0.03921569,0.01574803
OBJ,511,0.02108397,0.03913894,0.01574803
OBJ,512,0.02104786,0.03906250,0.01574803
OBJ,513,0.02104040,0.03898635,0.01574803
OBJ,514,0.02098855,0.03891051,0.01574803
OBJ,515,0.02098162,0.03883495,0.01574803
OBJ,516,0.02097645,0.03875969,0.01574803
OBJ,517,0.02092881,0.03868472,0.01574803
OBJ,518,0.02089773,0.03861004,0.01574803
OBJ,519,0.02082748,0.03853565,0.01574803
OBJ,520,0.02079681,0.03846154,0.01574803
OBJ,521,0.02075924,0.03838772,0.01574803
OBJ,522,0.02056447,0.03831418,0.01574803
OBJ,523,0.02055613,0.03824092,0.01574803
OBJ,524,0.02043198,0.03816794,0.01574803
OBJ,525,0.02040975,0.03809524,0.01574803
OBJ,526,0.02030751,0.03802281,0.01574803
OBJ,527,0.02029070,0.03795066,0.01574803
OBJ,528,0.02028338,0.03787879,0.01574803
OBJ,529,0.02025250,0.03780718,0.01574803
OBJ,530,0.02024326,0.03773585,0.01574803
OBJ,531,0.02022587,0.03766478,0.01574803
OBJ,532,0.02020741,0.03759398,0.01574803
OBJ,533,0.02017867,0.03752345,0.01574803
OBJ,534,0.02016514,0.03745318,0.01574803
OBJ,535,0.02011162,0.03738318,0.01574803
OBJ,536,0.02009662,0.03731343,0.01574803
OBJ,537,0.02007658,0.03724395,0.01574803
OBJ,538,0.02000933,0.03717472,0.01574803
OBJ,539,0.02000536,0.03710575,0.01574803
OBJ,540,0.01995586,0.03703704,0.01574803
OBJ,541,0.01993924,0.03696858,0.01574803
OBJ,542,0.01993701,0.03690037,0.01574803
OBJ,543,0.01993097,0.03683241,0.01574803
OBJ,544,0.01990588,0.03676471,0.01574803
OBJ,545,0.01989856,0.03669725,0.01574803
OBJ,546,0.01978795,0.03663004,0.01574803
OBJ,547,0.01978523,0.03656307,0.01574803
OBJ,548,0.01976725,0.03649635,0.01574803
OBJ,549,0.01975582,0.03642987,0.01574803
OBJ,550,0.01974516,0.03636364,0.01574803
OBJ,551,0.01961652,0.03629764,0.01574803
OBJ,552,0.01956411,0.03623188,0.01574803
OBJ,553,0.01954987,0.03616637,0.01574803
OBJ,554,0.01952447,0.03610108,0.01574803
OBJ,555,0.01946263,0.03603604,0.01574803
OBJ,556,0.01944567,0.03597122,0.01574803
OBJ,557,0.01943621,0.03590664,0.01574803
OBJ,558,0.01939480,0.03584229,0.01574803
OBJ,559,0.01938757,0.03577818,0.01574803
OBJ,560,0.01937757,0.03571429,0.01574803
OBJ,561,0.01935534,0.03565062,0.01574803
OBJ,562,0.01935442,0.03736655,0.01653543
OBJ,563,0.01933270,0.03730018,0.01653543
OBJ,564,0.01932067,0.03723404,0.01653543
OBJ,565,0.01930257,0.03716814,0.01653543
OBJ,566,0.01929609,0.03710247,0.01653543
OBJ,567,0.01926883,0.03703704,0.01653543
OBJ,568,0.01923827,0.03697183,0.01653543
OBJ,569,0.01922919,0.03690685,0.01653543
OBJ,570,0.01921562,0.03684211,0.01653543
OBJ,571,0.01917041,0.03677758,0.01653543
OBJ,572,0.01912658,0.03671329,0.01653543
OBJ,573,0.01905667,0.03664921,0.01653543
OBJ,574,0.01904032,0.03658537,0.01653543
OBJ,575,0.01897640,0.03652174,0.01653543
OBJ,576,0.01896147,0.03645833,0.01653543
OBJ,577,0.01894002,0.03639515,0.01653543
OBJ,578,0.01893329,0.03633218,0.01653543
OBJ,579,0.01887472,0.03626943,0.01653543
OBJ,580,0.01878953,0.03620690,0.01653543
OBJ,581,0.01872222,0.03614458,0.01653543
OBJ,582,0.01869498,0.03608247,0.01653543
OBJ,583,0.01867426,0.03602058,0.01653543
OBJ,584,0.01867403,0.03595890,0.01653543
OBJ,585,0.01866357,0.03589744,0.01653543
OBJ,586,0.01865779,0.03583618,0.01653543
OBJ,587,0.01864113,0.03747871,0.01732283
OBJ,588,0.01863551,0.03741497,0.01732283
OBJ,589,0.01862092,0.03735144,0.01732283
OBJ,590,0.01858037,0.03728814,0.01732283
OBJ,591,0.01857712,0.03722504,0.01732283
OBJ,592,0.01857066,0.03716216,0.01732283
OBJ,593,0.01849176,0.03709949,0.01732283
OBJ,594,0.01847057,0.03703704,0.01732283
OBJ,595,0.01845800,0.03697479,0.01732283
OBJ,596,0.01841172,0.03691275,0.01732283
OBJ,597,0.01838775,0.03685092,0.01732283
OBJ,598,0.01836476,0.03678930,0.01732283
OBJ,599,0.01834534,0.03672788,0.01732283
OBJ,600,0.01833591,0.03666667,0.01732283
OBJ,601,0.01828832,0.03660566,0.01732283
OBJ,602,0.01826623,0.03654485,0.01732283
OBJ,603,0.01815068,0.03648425,0.01732283
OBJ,604,0.01813828,0.03642384,0.01732283
OBJ,605,0.01812446,0.03636364,0.01732283
OBJ,606,0.01809771,0.03630363,0.01732283
OBJ,607,0.01808466,0.03624382,0.01732283
OBJ,608,0.01808302,0.03618421,0.01732283
OBJ,609,0.01802142,0.03612479,0.01732283
OBJ,610,0.01801998,0.03606557,0.01732283
OBJ,611,0.01799777,0.03600655,0.01732283
OBJ,612,0.01796996,0.03594771,0.01732283
OBJ,613,0.01796941,0.03588907,0.01732283
OBJ,614,0.01796185,0.03583062,0.01732283
OBJ,615,0.01794985,0.03577236,0.01732283
OBJ,616,0.01793805,0.03571429,0.01732283
OBJ,617,0.01788530,0.03565640,0.01732283
OBJ,618,0.01787244,0.03559871,0.01732283
OBJ,619,0.01784646,0.03554120,0.01732283
OBJ,620,0.01783409,0.03548387,0.01732283
OBJ,621,0.01781139,0.03542673,0.01732283
OBJ,622,0.01779671,0.03536977,0.01732283
OBJ,623,0.01774895,0.03531300,0.01732283
OBJ,624,0.01769044,0.03525641,0.01732283
OBJ,625,0.01763662,0.03520000,0.01732283
OBJ,626,0.01759042,0.03514377,0.01732283
OBJ,627,0.01758948,0.03508772,0.01732283
OBJ,628,0.01758325,0.03503185,0.01732283
OBJ,629,0.01756677,0.03497615,0.01732283
OBJ,630,0.01755016,0.03492063,0.01732283
OBJ,631,0.01751263,0.03486529,0.01732283
OBJ,632,0.01750290,0.03481013,0.01732283
OBJ,633,0.01749890,0.03475513,0.01732283
OBJ,634,0.01748607,0.03470032,0.01732283
OBJ,635,0.01748102,0.03464567,0.01732283
OBJ,636,0.01743966,0.03459119,0.01732283
OBJ,637,0.01742954,0.03453689,0.01732283
OBJ,638,0.01731373,0.03448276,0.01732283
OBJ,639,0.01727172,0.03442879,0.01732283
OBJ,640,0.01722661,0.03437500,0.01732283
OBJ,641,0.01722608,0.03432137,0.01732283
OBJ,642,0.01714949,0.03426791,0.01732283
OBJ,643,0.01713366,0.03421462,0.01732283
OBJ,644,0.01713096,0.03416149,0.01732283
OBJ,645,0.01707432,0.03410853,0.01732283
OBJ,646,0.01704365,0.03405573,0.01732283
OBJ,647,0.01703863,0.03400309,0.01732283
OBJ,648,0.01702873,0.03395062,0.01732283
OBJ,649,0.01702117,0.03389831,0.01732283
OBJ,650,0.01701657,0.03384615,0.01732283
OBJ,651,0.01699004,0.03379416,0.01732283
OBJ,652,0.01698080,0.03374233,0.01732283
OBJ,653,0.01695771,0.03369066,0.01732283
OBJ,654,0.01691402,0.03363914,0.01732283
OBJ,655,0.01688510,0.03358779,0.01732283
OBJ,656,0.01686285,0.03353659,0.01732283
OBJ,657,0.01685094,0.03348554,0.01732283
OBJ,658,0.01681838,0.03343465,0.01732283
OBJ,659,0.01678115,0.03338392,0.01732283
OBJ,660,0.01677910,0.03333333,0.01732283
OBJ,661,0.01674147,0.03328290,0.01732283
OBJ,662,0.01672183,0.03323263,0.01732283
OBJ,663,0.01670728,0.03318250,0.01732283
OBJ,664,0.01663887,0.03313253,0.01732283
OBJ,665,0.01663263,0.03308271,0.01732283
OBJ,666,0.01662810,0.03303303,0.01732283
OBJ,667,0.01660335,0.03298351,0.01732283
OBJ,668,0.01658942,0.03293413,0.01732283
OBJ,669,0.01657811,0.03288490,0.01732283
OBJ,670,0.01657301,0.03283582,0.01732283
OBJ,671,0.01652993,0.03278689,0.01732283
OBJ,672,0.01652074,0.03273810,0.01732283
OBJ,673,0.01651512,0.03268945,0.01732283
OBJ,674,0.01649852,0.03264095,0.01732283
OBJ,675,0.01649297,0.03259259,0.01732283
OBJ,676,0.01646104,0.03254438,0.01732283
OBJ,677,0.01645284,0.03249631,0.01732283
OBJ,678,0.01641379,0.03244838,0.01732283
OBJ,679,0.01639552,0.03240059,0.01732283
OBJ,680,0.01639513,0.03235294,0.01732283
OBJ,681,0.01638585,0.03230543,0.01732283
OBJ,682,0.01636500,0.03225806,0.01732283
OBJ,683,0.01633701,0.03221083,0.01732283
OBJ,684,0.01632121,0.03216374,0.01732283
OBJ,685,0.01631114,0.03211679,0.01732283
OBJ,686,0.01630232,0.03206997,0.01732283
OBJ,687,0.01629433,0.03202329,0.01732283
OBJ,688,0.01629131,0.03197674,0.01732283
OBJ,689,0.01628969,0.03193033,0.01732283
OBJ,690,0.01624052,0.03188406,0.01732283
OBJ,691,0.01622189,0.03183792,0.01732283
OBJ,692,0.01621583,0.03179191,0.01732283
OBJ,693,0.01619344,0.03174603,0.01732283
OBJ,694,0.01618588,0.03170029,0.01732283
OBJ,695,0.01618506,0.03165468,0.01732283
OBJ,696,0.01616805,0.03160920,0.01732283
OBJ,697,0.01615816,0.03299857,0.01811024
OBJ,698,0.01613620,0.03295129,0.01811024
OBJ,699,0.01611999,0.03290415,0.01811024
OBJ,700,0.01611796,0.03285714,0.01811024
OBJ,701,0.01608142,0.03281027,0.01811024
OBJ,702,0.01605622,0.03276353,0.01811024
OBJ,703,0.01600922,0.03271693,0.01811024
OBJ,704,0.01599963,0.03267045,0.01811024
OBJ,705,0.01599540,0.03262411,0.01811024
OBJ,706,0.01599382,0.03257790,0.01811024
OBJ,707,0.01596259,0.03253182,0.01811024
OBJ,708,0.01596162,0.03248588,0.01811024
OBJ,709,0.01593673,0.03244006,0.01811024
OBJ,710,0.01591481,0.03239437,0.01811024
OBJ,711,0.01587686,0.03234880,0.01811024
OBJ,712,0.01587137,0.03230337,0.01811024
OBJ,713,0.01582411,0.03225806,0.01811024
OBJ,714,0.01580940,0.03221289,0.01811024
OBJ,715,0.01580266,0.03216783,0.01811024
OBJ,716,0.01579260,0.03212291,0.01811024
OBJ,717,0.01576440,0.03207810,0.01811024
OBJ,718,0.01573699,0.03203343,0.01811024
OBJ,719,0.01573043,0.03198887,0.01811024
OBJ,720,0.01567924,0.03194444,0.01811024
OBJ,721,0.01566939,0.03190014,0.01811024
OBJ,722,0.01566435,0.03185596,0.01811024
OBJ,723,0.01559981,0.03181189,0.01811024
OBJ,724,0.01558769,0.03176796,0.01811024
OBJ,725,0.01558500,0.03172414,0.01811024
OBJ,726,0.01556554,0.03168044,0.01811024
OBJ,727,0.01554830,0.03163686,0.01811024
OBJ,728,0.01551227,0.03159341,0.01811024
OBJ,729,0.01549956,0.03155007,0.01811024
OBJ,730,0.01546295,0.03150685,0.01811024
OBJ,731,0.01542729,0.03146375,0.01811024
OBJ,732,0.01539651,0.03142077,0.01811024
OBJ,733,0.01537675,0.03137790,0.01811024
OBJ,734,0.01537556,0.03133515,0.01811024
OBJ,735,0.01536549,0.03129252,0.01811024
OBJ,736,0.01533829,0.03125000,0.01811024
OBJ,737,0.01532860,0.03120760,0.01811024
OBJ,738,0.01532715,0.03116531,0.01811024
OBJ,739,0.01526124,0.03112314,0.01811024
OBJ,740,0.01524792,0.03108108,0.01811024
OBJ,741,0.01521728,0.03103914,0.01811024
OBJ,742,0.01517951,0.03099730,0.01811024
OBJ,743,0.01517294,0.03095559,0.01811024
OBJ,744,0.01515779,0.03091398,0.01811024
OBJ,745,0.01515472,0.03087248,0.01811024
OBJ,746,0.01514919,0.03083110,0.01811024
OBJ,747,0.01513844,0.03078983,0.01811024
OBJ,748,0.01511811,0.03074866,0.01811024
OBJ,749,0.01509884,0.03070761,0.01811024
OBJ,750,0.01507993,0.03066667,0.01811024
OBJ,751,0.01507561,0.03062583,0.01811024
OBJ,752,0.01507057,0.03058511,0.01811024
OBJ,753,0.01503872,0.03054449,0.01811024
OBJ,754,0.01501256,0.03050398,0.01811024
OBJ,755,0.01500412,0.03046358,0.01811024
OBJ,756,0.01497950,0.03042328,0.01811024
OBJ,757,0.01495827,0.03038309,0.01811024
OBJ,758,0.01495238,0.03034301,0.01811024
OBJ,759,0.01492127,0.03030303,0.01811024
OBJ,760,0.01489602,0.03026316,0.01811024
OBJ,761,0.01486327,0.03022339,0.01811024
OBJ,762,0.01485124,0.03018373,0.01811024
OBJ,763,0.01481227,0.03014417,0.01811024
OBJ,764,0.01480907,0.03010471,0.01811024
OBJ,765,0.01478072,0.03006536,0.01811024
OBJ,766,0.01477911,0.03002611,0.01811024
OBJ,767,0.01475558,0.02998696,0.01811024
OBJ,768,0.01475499,0.02994792,0.01811024
OBJ,769,0.01474221,0.02990897,0.01811024
OBJ,770,0.01473547,0.02987013,0.01811024
OBJ,771,0.01473182,0.02983139,0.01811024
OBJ,772,0.01470645,0.02979275,0.01811024
OBJ,773,0.01466814,0.02975420,0.01811024
OBJ,774,0.01465313,0.02971576,0.01811024
OBJ,775,0.01463623,0.02967742,0.01811024
OBJ,776,0.01460780,0.02963918,0.01811024
OBJ,777,0.01460605,0.02960103,0.01811024
OBJ,778,0.01460042,0.02956298,0.01811024
OBJ,779,0.01459694,0.02952503,0.01811024
OBJ,780,0.01459210,0.02948718,0.01811024
OBJ,781,0.01457788,0.02944942,0.01811024
OBJ,782,0.01457670,0.02941176,0.01811024
OBJ,783,0.01456312,0.02937420,0.01811024
OBJ,784,0.01455385,0.02933673,0.01811024
OBJ,785,0.01451587,0.02929936,0.01811024
OBJ,786,0.01451559,0.02926209,0.01811024
OBJ,787,0.01451440,0.02922490,0.01811024
OBJ,788,0.01451349,0.02918782,0.01811024
OBJ,789,0.01449074,0.02915082,0.01811024
OBJ,790,0.01447278,0.02911392,0.01811024
OBJ,791,0.01445782,0.02907712,0.01811024
OBJ,792,0.01443440,0.02904040,0.01811024
OBJ,793,0.01442903,0.02900378,0.01811024
OBJ,794,0.01442557,0.02896725,0.01811024
OBJ,795,0.01434072,0.02893082,0.01811024
OBJ,796,0.01433824,0.02889447,0.01811024
OBJ,797,0.01432804,0.02885822,0.01811024
OBJ,798,0.01429115,0.02882206,0.01811024
OBJ,799,0.01427576,0.02878598,0.01811024
OBJ,800,0.01425759,0.02875000,0.01811024
OBJ,801,0.01425394,0.02871411,0.01811024
OBJ,802,0.01423830,0.02867830,0.01811024
OBJ,803,0.01422868,0.02864259,0.01811024
OBJ,804,0.01422003,0.02860697,0.01811024
OBJ,805,0.01419522,0.02857143,0.01811024
OBJ,806,0.01416999,0.02853598,0.01811024
OBJ,807,0.01413952,0.02850062,0.01811024
OBJ,808,0.01413041,0.02846535,0.01811024
OBJ,809,0.01408184,0.02843016,0.01811024
OBJ,810,0.01402350,0.02839506,0.01811024
OBJ,811,0.01401199,0.02836005,0.01811024
OBJ,812,0.01400890,0.02832512,0.01811024
OBJ,813,0.01399846,0.02829028,0.01811024
OBJ,814,0.01398918,0.02825553,0.01811024
OBJ,815,0.01396406,0.02822086,0.01811024
OBJ,816,0.01384440,0.02941176,0.01889764
OBJ,817,0.01382513,0.02937576,0.01889764
OBJ,818,0.01379975,0.02933985,0.01889764
OBJ,819,0.01375342,0.02930403,0.01889764
OBJ,820,0.01374654,0.02926829,0.01889764
OBJ,821,0.01373606,0.02923264,0.01889764
OBJ,822,0.01370584,0.02919708,0.01889764
OBJ,823,0.01367782,0.02916160,0.01889764
OBJ,824,0.01366112,0.02912621,0.01889764
OBJ,825,0.01364460,0.02909091,0.01889764
OBJ,826,0.01362623,0.02905569,0.01889764
OBJ,827,0.01357106,0.02902056,0.01889764
OBJ,828,0.01356924,0.02898551,0.01889764
OBJ,829,0.01355979,0.02895054,0.01889764
OBJ,830,0.01353806,0.02891566,0.01889764
OBJ,831,0.01352694,0.02888087,0.01889764
OBJ,832,0.01351841,0.02884615,0.01889764
OBJ,833,0.01351228,0.02881152,0.01889764
OBJ,834,0.01350697,0.02877698,0.01889764
OBJ,835,0.01348025,0.02874251,0.01889764
OBJ,836,0.01345102,0.02870813,0.01889764
OBJ,837,0.01344161,0.02867384,0.01889764
OBJ,838,0.01340058,0.02863962,0.01889764
OBJ,839,0.01334336,0.02860548,0.01889764
OBJ,840,0.01333216,0.02857143,0.01889764
OBJ,841,0.01332318,0.02853746,0.01889764
OBJ,842,0.01325998,0.02850356,0.01889764
OBJ,843,0.01325538,0.02846975,0.01889764
OBJ,844,0.01324872,0.02843602,0.01889764
OBJ,845,0.01324317,0.02840237,0.01889764
OBJ,846,0.01321719,0.02836879,0.01889764
OBJ,847,0.01319014,0.02833530,0.01889764
OBJ,848,0.01318885,0.02830189,0.01889764
OBJ,849,0.01318036,0.02826855,0.01889764
OBJ,850,0.01317715,0.02823529,0.01889764
OBJ,851,0.01316902,0.02820212,0.01889764
OBJ,852,0.01314683,0.02816901,0.01889764
OBJ,853,0.01313752,0.02813599,0.01889764
OBJ,854,0.01313373,0.02810304,0.01889764
OBJ,855,0.01313089,0.02807018,0.01889764
OBJ,856,0.01309303,0.02803738,0.01889764
OBJ,857,0.01306626,0.02800467,0.01889764
OBJ,858,0.01303830,0.02797203,0.01889764
OBJ,859,0.01302547,0.02793946,0.01889764
OBJ,860,0.01300297,0.02790698,0.01889764
OBJ,861,0.01298075,0.02787456,0.01889764
OBJ,862,0.01297985,0.02784223,0.01889764
OBJ,863,0.01297484,0.02780997,0.01889764
OBJ,864,0.01295698,0.02777778,0.01889764
OBJ,865,0.01293958,0.02774566,0.01889764
OBJ,866,0.01293829,0.02771363,0.01889764
OBJ,867,0.01292946,0.02768166,0.01889764
OBJ,868,0.01291296,0.02764977,0.01889764
OBJ,869,0.01289003,0.02761795,0.01889764
OBJ,870,0.01288319,0.02873563,0.01968504
OBJ,871,0.01286994,0.02870264,0.01968504
OBJ,872,0.01284790,0.02866972,0.01968504
OBJ,873,0.01282264,0.02863688,0.01968504
OBJ,874,0.01281080,0.02860412,0.01968504
OBJ,875,0.01280506,0.02857143,0.01968504
OBJ,876,0.01279741,0.02853881,0.01968504
OBJ,877,0.01278970,0.02850627,0.01968504
OBJ,878,0.01278184,0.02847380,0.01968504
OBJ,879,0.01273976,0.02844141,0.01968504
OBJ,880,0.01273831,0.02840909,0.01968504
OBJ,881,0.01271629,0.02837684,0.01968504
OBJ,882,0.01270345,0.02834467,0.01968504
OBJ,883,0.01270255,0.02831257,0.01968504
OBJ,884,0.01268316,0.02828054,0.01968504
OBJ,885,0.01267258,0.02824859,0.01968504
OBJ,886,0.01265416,0.02821670,0.01968504
OBJ,887,0.01264588,0.02818489,0.01968504
OBJ,888,0.01264230,0.02815315,0.01968504
OBJ,889,0.01261630,0.02812148,0.01968504
OBJ,890,0.01260197,0.02808989,0.01968504
OBJ,891,0.01259179,0.02805836,0.01968504
OBJ,892,0.01258722,0.02802691,0.01968504
OBJ,893,0.01256513,0.02799552,0.01968504
OBJ,894,0.01254769,0.02796421,0.01968504
OBJ,895,0.01252427,0.02793296,0.01968504
OBJ,896,0.01252332,0.02790179,0.01968504
OBJ,897,0.01251817,0.02787068,0.01968504
OBJ,898,0.01251136,0.02783964,0.01968504
OBJ,899,0.01250302,0.02780868,0.01968504
OBJ,900,0.01250250,0.02777778,0.01968504
OBJ,901,0.01248647,0.02774695,0.01968504
OBJ,902,0.01247781,0.02771619,0.01968504
OBJ,903,0.01245005,0.02768549,0.01968504
OBJ,904,0.01244251,0.02765487,0.01968504
OBJ,905,0.01243908,0.02762431,0.01968504
OBJ,906,0.01242809,0.02759382,0.01968504
OBJ,907,0.01242277,0.02756340,0.01968504
OBJ,908,0.01241800,0.02753304,0.01968504
OBJ,909,0.01236773,0.02750275,0.01968504
OBJ,910,0.01235133,0.02747253,0.01968504
OBJ,911,0.01233605,0.02744237,0.01968504
OBJ,912,0.01230795,0.02741228,0.01968504
OBJ,913,0.01230274,0.02738226,0.01968504
OBJ,914,0.01226950,0.02735230,0.01968504
OBJ,915,0.01224830,0.02732240,0.01968504
OBJ,916,0.01219589,0.02729258,0.01968504
OBJ,917,0.01218725,0.02726281,0.01968504
OBJ,918,0.01218154,0.02723312,0.01968504
OBJ,919,0.01216245,0.02720348,0.01968504
OBJ,920,0.01215762,0.02717391,0.01968504
OBJ,921,0.01215439,0.02714441,0.01968504
OBJ,922,0.01212519,0.02711497,0.01968504
OBJ,923,0.01212097,0.02708559,0.01968504
OBJ,924,0.01209451,0.02705628,0.01968504
OBJ,925,0.01209197,0.02702703,0.01968504
OBJ,926,0.01208982,0.02699784,0.01968504
OBJ,927,0.01206232,0.02696872,0.01968504
OBJ,928,0.01204223,0.02693966,0.01968504
OBJ,929,0.01199736,0.02691066,0.01968504
OBJ,930,0.01198141,0.02688172,0.01968504
OBJ,931,0.01194835,0.02685285,0.01968504
OBJ,932,0.01194118,0.02682403,0.01968504
OBJ,933,0.01192229,0.02679528,0.01968504
OBJ,934,0.01191604,0.02676660,0.01968504
OBJ,935,0.01190584,0.02673797,0.01968504
OBJ,936,0.01190565,0.02670940,0.01968504
OBJ,937,0.01185903,0.02668090,0.01968504
OBJ,938,0.01185651,0.02665245,0.01968504
OBJ,939,0.01184618,0.02662407,0.01968504
OBJ,940,0.01183621,0.02659574,0.01968504
OBJ,941,0.01182582,0.02656748,0.01968504
OBJ,942,0.01181408,0.02653928,0.01968504
OBJ,943,0.01180385,0.02651113,0.01968504
OBJ,944,0.01180379,0.02648305,0.01968504
OBJ,945,0.01180100,0.02645503,0.01968504
OBJ,946,0.01179060,0.02642706,0.01968504
OBJ,947,0.01174589,0.02639916,0.01968504
OBJ,948,0.01173918,0.02637131,0.01968504
OBJ,949,0.01173038,0.02634352,0.01968504
OBJ,950,0.01171152,0.02631579,0.01968504
OBJ,951,0.01167515,0.02628812,0.01968504
OBJ,952,0.01165689,0.02626050,0.01968504
OBJ,953,0.01165308,0.02623295,0.01968504
OBJ,954,0.01162059,0.02620545,0.01968504
OBJ,955,0.01158929,0.02617801,0.01968504
OBJ,956,0.01157000,0.02615063,0.01968504
OBJ,957,0.01154616,0.02612330,0.01968504
OBJ,958,0.01154363,0.02609603,0.01968504
OBJ,959,0.01154342,0.02606882,0.01968504
OBJ,960,0.01153466,0.02604167,0.01968504
OBJ,961,0.01153257,0.02601457,0.01968504
OBJ,962,0.01151961,0.02598753,0.01968504
OBJ,963,0.01151123,0.02596054,0.01968504
OBJ,964,0.01146508,0.02593361,0.01968504
OBJ,965,0.01144984,0.02590674,0.01968504
OBJ,966,0.01143531,0.02587992,0.01968504
OBJ,967,0.01139179,0.02585315,0.01968504
OBJ,968,0.01138702,0.02582645,0.01968504
OBJ,969,0.01136126,0.02579979,0.01968504
OBJ,970,0.01132748,0.02577320,0.01968504
OBJ,971,0.01132457,0.02574665,0.01968504
OBJ,972,0.01132344,0.02572016,0.01968504
OBJ,973,0.01131836,0.02569373,0.01968504
OBJ,974,0.01130435,0.02566735,0.01968504
OBJ,975,0.01129403,0.02564103,0.01968504
OBJ,976,0.01129151,0.02561475,0.01968504
OBJ,977,0.01126002,0.02558854,0.01968504
OBJ,978,0.01125704,0.02556237,0.01968504
OBJ,979,0.01124686,0.02553626,0.01968504
OBJ,980,0.01123002,0.02551020,0.01968504
OBJ,981,0.01120561,0.02548420,0.01968504
OBJ,982,0.01116558,0.02545825,0.01968504
OBJ,983,0.01116062,0.02543235,0.01968504
OBJ,984,0.01116007,0.02540650,0.01968504
OBJ,985,0.01115551,0.02538071,0.01968504
OBJ,986,0.01115501,0.02535497,0.01968504
OBJ,987,0.01115461,0.02532928,0.01968504
OBJ,988,0.01115447,0.02530364,0.01968504
OBJ,989,0.01111125,0.02527806,0.01968504
OBJ,990,0.01109444,0.02525253,0.01968504
OBJ,991,0.01108841,0.02522704,0.01968504
OBJ,992,0.01108195,0.02520161,0.01968504
OBJ,993,0.01108031,0.02517623,0.01968504
OBJ,994,0.01107846,0.02515091,0.01968504
OBJ,995,0.01107613,0.02512563,0.01968504
OBJ,996,0.01107062,0.02510040,0.01968504
OBJ,997,0.01106858,0.02507523,0.01968504
OBJ,998,0.01106760,0.02505010,0.01968504
OBJ,999,0.01106468,0.02502503,0.01968504
OBJ,1000,0.01102053,0.02500000,0.01968504
OBJ,1001,0.01100132,0.02497502,0.01968504
OBJ,1002,0.01099976,0.02495010,0.01968504
OBJ,1003,0.01098025,0.02492522,0.01968504
OBJ,1004,0.01096954,0.02490040,0.01968504
OBJ,1005,0.01096207,0.02487562,0.01968504
OBJ,1006,0.01093400,0.02485089,0.01968504
OBJ,1007,0.01091528,0.02482622,0.01968504
OBJ,1008,0.01087488,0.02480159,0.01968504
OBJ,1009,0.01087350,0.02477701,0.01968504
OBJ,1010,0.01085980,0.02475248,0.01968504
OBJ,1011,0.01080475,0.02472799,0.01968504
OBJ,1012,0.01080047,0.02470356,0.01968504
OBJ,1013,0.01079972,0.02467917,0.01968504
OBJ,1014,0.01077246,0.02465483,0.01968504
OBJ,1015,0.01076030,0.02463054,0.01968504
OBJ,1016,0.01074918,0.02460630,0.01968504
OBJ,1017,0.01074404,0.02458210,0.01968504
OBJ,1018,0.01072010,0.02455796,0.01968504
OBJ,1019,0.01071551,0.02453386,0.01968504
OBJ,1020,0.01069486,0.02450980,0.01968504
OBJ,1021,0.01068576,0.02448580,0.01968504
OBJ,1022,0.01067252,0.02446184,0.01968504
OBJ,1023,0.01066536,0.02443793,0.01968504
OBJ,1024,0.01065396,0.02441406,0.01968504
OBJ,1025,0.01064568,0.02439024,0.01968504
OBJ,1026,0.01063894,0.02534113,0.02047244
OBJ,1027,0.01062923,0.02531646,0.02047244
OBJ,1028,0.01058087,0.02529183,0.02047244
OBJ,1029,0.01057838,0.02623907,0.02125984
OBJ,1030,0.01056794,0.02621359,0.02125984
OBJ,1031,0.01055936,0.02618817,0.02125984
OBJ,1032,0.01054886,0.02616279,0.02125984
OBJ,1033,0.01054545,0.02613746,0.02125984
OBJ,1034,0.01053099,0.02611219,0.02125984
OBJ,1035,0.01053006,0.02608696,0.02125984
OBJ,1036,0.01052307,0.02606178,0.02125984
OBJ,1037,0.01046451,0.02603664,0.02125984
OBJ,1038,0.01046308,0.02601156,0.02125984
OBJ,1039,0.01046205,0.02598653,0.02125984
OBJ,1040,0.01046130,0.02596154,0.02125984
OBJ,1041,0.01044562,0.02593660,0.02125984
OBJ,1042,0.01043712,0.02591171,0.02125984
OBJ,1043,0.01042986,0.02588686,0.02125984
OBJ,1044,0.01042490,0.02586207,0.02125984
OBJ,1045,0.01040582,0.02583732,0.02125984
OBJ,1046,0.01040389,0.02581262,0.02125984
OBJ,1047,0.01037060,0.02578797,0.02125984
OBJ,1048,0.01036502,0.02576336,0.02125984
OBJ,1049,0.01036162,0.02573880,0.02125984
OBJ,1050,0.01034959,0.02571429,0.02125984
OBJ,1051,0.01033914,0.02568982,0.02125984
OBJ,1052,0.01028983,0.02566540,0.02125984
OBJ,1053,0.01028252,0.02564103,0.02125984
OBJ,1054,0.01028126,0.02561670,0.02125984
OBJ,1055,0.01027606,0.02559242,0.02125984
OBJ,1056,0.01026648,0.02556818,0.02125984
OBJ,1057,0.01026525,0.02554399,0.02125984
OBJ,1058,0.01025556,0.02551985,0.02125984
OBJ,1059,0.01024598,0.02549575,0.02125984
OBJ,1060,0.01023545,0.02547170,0.02125984
OBJ,1061,0.01021638,0.02544769,0.02125984
OBJ,1062,0.01021020,0.02542373,0.02125984
OBJ,1063,0.01018489,0.02539981,0.02125984
OBJ,1064,0.01016009,0.02537594,0.02125984
OBJ,1065,0.01013352,0.02535211,0.02125984
OBJ,1066,0.01009799,0.02532833,0.02125984
OBJ,1067,0.01008614,0.02530459,0.02125984
OBJ,1068,0.01007522,0.02528090,0.02125984
OBJ,1069,0.01006797,0.02525725,0.02125984
OBJ,1070,0.01006586,0.02523364,0.02125984
OBJ,1071,0.01005983,0.02521008,0.02125984
OBJ,1072,0.01003580,0.02518657,0.02125984
OBJ,1073,0.01001615,0.02516309,0.02125984
OBJ,1074,0.01000074,0.02513966,0.02125984
OBJ,1075,0.00999905,0.02511628,0.02125984
OBJ,1076,0.00998669,0.02509294,0.02125984
OBJ,1077,0.00997505,0.02506964,0.02125984
OBJ,1078,0.00997321,0.02504638,0.02125984
OBJ,1079,0.00995102,0.02502317,0.02125984
OBJ,1080,0.00994919,0.02500000,0.02125984
OBJ,1081,0.00993238,0.02497687,0.02125984
OBJ,1082,0.00990841,0.02495379,0.02125984
OBJ,1083,0.00989770,0.02493075,0.02125984
OBJ,1084,0.00989672,0.02490775,0.02125984
OBJ,1085,0.00989069,0.02488479,0.02125984
OBJ,1086,0.00988991,0.02486188,0.02125984
OBJ,1087,0.00988505,0.02483901,0.02125984
OBJ,1088,0.00987477,0.02481618,0.02125984
OBJ,1089,0.00986945,0.02479339,0.02125984
OBJ,1090,0.00985266,0.02477064,0.02125984
OBJ,1091,0.00984341,0.02474794,0.02125984
OBJ,1092,0.00982601,0.02472527,0.02125984
OBJ,1093,0.00982408,0.02470265,0.02125984
OBJ,1094,0.00981648,0.02468007,0.02125984
OBJ,1095,0.00981539,0.02465753,0.02125984
OBJ,1096,0.00980623,0.02463504,0.02125984
OBJ,1097,0.00980057,0.02461258,0.02125984
OBJ,1098,0.00979053,0.02459016,0.02125984
OBJ,1099,0.00978900,0.02456779,0.02125984
OBJ,1100,0.00977411,0.02454545,0.02125984
OBJ,1101,0.00977343,0.02452316,0.02125984
OBJ,1102,0.00977342,0.02450091,0.02125984
OBJ,1103,0.00974538,0.02447869,0.02125984
OBJ,1104,0.00973327,0.02445652,0.02125984
OBJ,1105,0.00972092,0.02443439,0.02125984
OBJ,1106,0.00971273,0.02441230,0.02125984
OBJ,1107,0.00970844,0.02439024,0.02125984
OBJ,1108,0.00964917,0.02436823,0.02125984
OBJ,1109,0.00959289,0.02434626,0.02125984
OBJ,1110,0.00956517,0.02432432,0.02125984
OBJ,1111,0.00954731,0.02430243,0.02125984
OBJ,1112,0.00954500,0.02428058,0.02125984
OBJ,1113,0.00950592,0.02425876,0.02125984
OBJ,1114,0.00948395,0.02423698,0.02125984
OBJ,1115,0.00947753,0.02421525,0.02125984
OBJ,1116,0.00947482,0.02419355,0.02125984
OBJ,1117,0.00945193,0.02417189,0.02125984
OBJ,1118,0.00943894,0.02415027,0.02125984
OBJ,1119,0.00943399,0.02412869,0.02125984
OBJ,1120,0.00942881,0.02410714,0.02125984
OBJ,1121,0.00942838,0.02408564,0.02125984
OBJ,1122,0.00942164,0.02406417,0.02125984
OBJ,1123,0.00941895,0.02404274,0.02125984
OBJ,1124,0.00940951,0.02402135,0.02125984
OBJ,1125,0.00940542,0.02400000,0.02125984
OBJ,1126,0.00939885,0.02397869,0.02125984
OBJ,1127,0.00937491,0.02395741,0.02125984
OBJ,1128,0.00936418,0.02393617,0.02125984
OBJ,1129,0.00934178,0.02391497,0.02125984
OBJ,1130,0.00933819,0.02389381,0.02125984
OBJ,1131,0.00932617,0.02387268,0.02125984
OBJ,1132,0.00931944,0.02385159,0.02125984
OBJ,1133,0.00931240,0.02383054,0.02125984
OBJ,1134,0.00928837,0.02380952,0.02125984
OBJ,1135,0.00928407,0.02378855,0.02125984
OBJ,1136,0.00928095,0.02376761,0.02125984
OBJ,1137,0.00927469,0.02374670,0.02125984
OBJ,1138,0.00926592,0.02372583,0.02125984
OBJ,1139,0.00923983,0.02370500,0.02125984
OBJ,1140,0.00920862,0.02368421,0.02125984
OBJ,1141,0.00919250,0.02366345,0.02125984
OBJ,1142,0.00919093,0.02364273,0.02125984
OBJ,1143,0.00915678,0.02362205,0.02125984
OBJ,1144,0.00915395,0.02360140,0.02125984
OBJ,1145,0.00914625,0.02358079,0.02125984
OBJ,1146,0.00914078,0.02356021,0.02125984
OBJ,1147,0.00913551,0.02353967,0.02125984
OBJ,1148,0.00913276,0.02351916,0.02125984
OBJ,1149,0.00913097,0.02349869,0.02125984
OBJ,1150,0.00912720,0.02347826,0.02125984
OBJ,1151,0.00910809,0.02345786,0.02125984
OBJ,1152,0.00910211,0.02343750,0.02125984
OBJ,1153,0.00910000,0.02341717,0.02125984
OBJ,1154,0.00909957,0.02339688,0.02125984
OBJ,1155,0.00909457,0.02337662,0.02125984
OBJ,1156,0.00907688,0.02335640,0.02125984
OBJ,1157,0.00907401,0.02333621,0.02125984
OBJ,1158,0.00906620,0.02331606,0.02125984
OBJ,1159,0.00904757,0.02329594,0.02125984
OBJ,1160,0.00904364,0.02327586,0.02125984
OBJ,1161,0.00904006,0.02325581,0.02125984
OBJ,1162,0.00903222,0.02323580,0.02125984
OBJ,1163,0.00902193,0.02321582,0.02125984
OBJ,1164,0.00901784,0.02319588,0.02125984
OBJ,1165,0.00901278,0.02317597,0.02125984
OBJ,1166,0.00899521,0.02315609,0.02125984
OBJ,1167,0.00896485,0.02313625,0.02125984
OBJ,1168,0.00896354,0.02311644,0.02125984
OBJ,1169,0.00895214,0.02309666,0.02125984
OBJ,1170,0.00893516,0.02307692,0.02125984
OBJ,1171,0.00892660,0.02305722,0.02125984
OBJ,1172,0.00891318,0.02303754,0.02125984
OBJ,1173,0.00891096,0.02301790,0.02125984
OBJ,1174,0.00890975,0.02299830,0.02125984
OBJ,1175,0.00890139,0.02297872,0.02125984
OBJ,1176,0.00889379,0.02295918,0.02125984
OBJ,1177,0.00887255,0.02293968,0.02125984
OBJ,1178,0.00885732,0.02292020,0.02125984
OBJ,1179,0.00885399,0.02290076,0.02125984
OBJ,1180,0.00884901,0.02288136,0.02125984
OBJ,1181,0.00884706,0.02286198,0.02125984
OBJ,1182,0.00883649,0.02284264,0.02125984
OBJ,1183,0.00881170,0.02282333,0.02125984
OBJ,1184,0.00880829,0.02280405,0.02125984
OBJ,1185,0.00880330,0.02278481,0.02125984
OBJ,1186,0.00874509,0.02276560,0.02125984
OBJ,1187,0.00874347,0.02274642,0.02125984
OBJ,1188,0.00873051,0.02356902,0.02204724
OBJ,1189,0.00871267,0.02439024,0.02283465
OBJ,1190,0.00871140,0.02436975,0.02283465
OBJ,1191,0.00870202,0.02434929,0.02283465
OBJ,1192,0.00869412,0.02432886,0.02283465
OBJ,1193,0.00868765,0.02430847,0.02283465
OBJ,1194,0.00868675,0.02428811,0.02283465
OBJ,1195,0.00868583,0.02426778,0.02283465
OBJ,1196,0.00868559,0.02424749,0.02283465
OBJ,1197,0.00867900,0.02422723,0.02283465
OBJ,1198,0.00866786,0.02420701,0.02283465
OBJ,1199,0.00865518,0.02418682,0.02283465
OBJ,1200,0.00862315,0.02416667,0.02283465
OBJ,1201,0.00862303,0.02414654,0.02283465
OBJ,1202,0.00862216,0.02412646,0.02283465
OBJ,1203,0.00860996,0.02410640,0.02283465
OBJ,1204,0.00860792,0.02408638,0.02283465
OBJ,1205,0.00860670,0.02406639,0.02283465
OBJ,1206,0.00858468,0.02404643,0.02283465
OBJ,1207,0.00857816,0.02402651,0.02283465
OBJ,1208,0.00856955,0.02400662,0.02283465
OBJ,1209,0.00856861,0.02398677,0.02283465
OBJ,1210,0.00856802,0.02396694,0.02283465
OBJ,1211,0.00856767,0.02394715,0.02283465
OBJ,1212,0.00856298,0.02392739,0.02283465
OBJ,1213,0.00855068,0.02390767,0.02283465
OBJ,1214,0.00854555,0.02388797,0.02283465
OBJ,1215,0.00852321,0.02386831,0.02283465
OBJ,1216,0.00852190,0.02384868,0.02283465
OBJ,1217,0.00852138,0.02382909,0.02283465
OBJ,1218,0.00849424,0.02380952,0.02283465
OBJ,1219,0.00847794,0.02378999,0.02283465
OBJ,1220,0.00847258,0.02377049,0.02283465
OBJ,1221,0.00846402,0.02375102,0.02283465
OBJ,1222,0.00845672,0.02373159,0.02283465
OBJ,1223,0.00842628,0.02371218,0.02283465
OBJ,1224,0.00839208,0.02369281,0.02283465
OBJ,1225,0.00836888,0.02367347,0.02283465
OBJ,1226,0.00836880,0.02365416,0.02283465
OBJ,1227,0.00835713,0.02363488,0.02283465
OBJ,1228,0.00834827,0.02361564,0.02283465
OBJ,1229,0.00834319,0.02359642,0.02283465
OBJ,1230,0.00832097,0.02357724,0.02283465
OBJ,1231,0.00831717,0.02355808,0.02283465
OBJ,1232,0.00831368,0.02353896,0.02283465
OBJ,1233,0.00830093,0.02351987,0.02283465
OBJ,1234,0.00827722,0.02350081,0.02283465
OBJ,1235,0.00827459,0.02348178,0.02283465
OBJ,1236,0.00826860,0.02346278,0.02283465
OBJ,1237,0.00823631,0.02344382,0.02283465
OBJ,1238,0.00823309,0.02342488,0.02283465
OBJ,1239,0.00823240,0.02340597,0.02283465
OBJ,1240,0.00822991,0.02338710,0.02283465
OBJ,1241,0.00821391,0.02336825,0.02283465
OBJ,1242,0.00819037,0.02334944,0.02283465
OBJ,1243,0.00818938,0.02333065,0.02283465
OBJ,1244,0.00816979,0.02331190,0.02283465
OBJ,1245,0.00816628,0.02329317,0.02283465
OBJ,1246,0.00814499,0.02327448,0.02283465
OBJ,1247,0.00814435,0.02325581,0.02283465
OBJ,1248,0.00814077,0.02323718,0.02283465
OBJ,1249,0.00814012,0.02321857,0.02283465
OBJ,1250,0.00813215,0.02320000,0.02283465
OBJ,1251,0.00812971,0.02318145,0.02283465
OBJ,1252,0.00808631,0.02316294,0.02283465
OBJ,1253,0.00808040,0.02314445,0.02283465
OBJ,1254,0.00807725,0.02312600,0.02283465
OBJ,1255,0.00807067,0.02310757,0.02283465
OBJ,1256,0.00806662,0.02308917,0.02283465
OBJ,1257,0.00805349,0.02307080,0.02283465
OBJ,1258,0.00804632,0.02305246,0.02283465
OBJ,1259,0.00803655,0.02303415,0.02283465
OBJ,1260,0.00802282,0.02301587,0.02283465
OBJ,1261,0.00802142,0.02299762,0.02283465
OBJ,1262,0.00802092,0.02297940,0.02283465
OBJ,1263,0.00801946,0.02375297,0.02362205
OBJ,1264,0.00801843,0.02373418,0.02362205
OBJ,1265,0.00801566,0.02371542,0.02362205
OBJ,1266,0.00800427,0.02369668,0.02362205
OBJ,1267,0.00799147,0.02367798,0.02362205
OBJ,1268,0.00794533,0.02365931,0.02362205
OBJ,1269,0.00794015,0.02364066,0.02362205
OBJ,1270,0.00791093,0.02440945,0.02440945
OBJ,1271,0.00790233,0.02439024,0.02440945
OBJ,1272,0.00789873,0.02515723,0.02519685
OBJ,1273,0.00786010,0.02513747,0.02519685
OBJ,1274,0.00784912,0.02511774,0.02519685
OBJ,1275,0.00783761,0.02588235,0.02598425
OBJ,1276,0.00783459,0.02586207,0.02598425
OBJ,1277,0.00783286,0.02584182,0.02598425
OBJ,1278,0.00781595,0.02582160,0.02598425
OBJ,1279,0.00781314,0.02580141,0.02598425
OBJ,1280,0.00780259,0.02578125,0.02598425
OBJ,1281,0.00778810,0.02576112,0.02598425
OBJ,1282,0.00778567,0.02574103,0.02598425
OBJ,1283,0.00778134,0.02572097,0.02598425
OBJ,1284,0.00778059,0.02570093,0.02598425
OBJ,1285,0.00777745,0.02568093,0.02598425
OBJ,1286,0.00777529,0.02566096,0.02598425
OBJ,1287,0.00777475,0.02564103,0.02598425
OBJ,1288,0.00777295,0.02562112,0.02598425
OBJ,1289,0.00775786,0.02560124,0.02598425
OBJ,1290,0.00775474,0.02558140,0.02598425
OBJ,1291,0.00774993,0.02556158,0.02598425
OBJ,1292,0.00774087,0.02554180,0.02598425
OBJ,1293,0.00773955,0.02552204,0.02598425
OBJ,1294,0.00773942,0.02550232,0.02598425
OBJ,1295,0.00772809,0.02548263,0.02598425
OBJ,1296,0.00771675,0.02546296,0.02598425
OBJ,1297,0.00770000,0.02544333,0.02598425
OBJ,1298,0.00769321,0.02542373,0.02598425
OBJ,1299,0.00768223,0.02540416,0.02598425
OBJ,1300,0.00767228,0.02538462,0.02598425
OBJ,1301,0.00766110,0.02536510,0.02598425
OBJ,1302,0.00764896,0.02534562,0.02598425
OBJ,1303,0.00764490,0.02532617,0.02598425
OBJ,1304,0.00764206,0.02530675,0.02598425
OBJ,1305,0.00763537,0.02528736,0.02598425
OBJ,1306,0.00763504,0.02526799,0.02598425
OBJ,1307,0.00763319,0.02524866,0.02598425
OBJ,1308,0.00762697,0.02522936,0.02598425
OBJ,1309,0.00761078,0.02521008,0.02598425
OBJ,1310,0.00760028,0.02519084,0.02598425
OBJ,1311,0.00759379,0.02517162,0.02598425
OBJ,1312,0.00754352,0.02515244,0.02598425
OBJ,1313,0.00753320,0.02513328,0.02598425
OBJ,1314,0.00751908,0.02511416,0.02598425
OBJ,1315,0.00751623,0.02509506,0.02598425
OBJ,1316,0.00751243,0.02507599,0.02598425
OBJ,1317,0.00750929,0.02505695,0.02598425
OBJ,1318,0.00750770,0.02503794,0.02598425
OBJ,1319,0.00747956,0.02501895,0.02598425
OBJ,1320,0.00747368,0.02500000,0.02598425
OBJ,1321,0.00746305,0.02498107,0.02598425
OBJ,1322,0.00745578,0.02496218,0.02598425
OBJ,1323,0.00745247,0.02494331,0.02598425
OBJ,1324,0.00744466,0.02492447,0.02598425
OBJ,1325,0.00743779,0.02490566,0.02598425
OBJ,1326,0.00743732,0.02488688,0.02598425
OBJ,1327,0.00743280,0.02486812,0.02598425
OBJ,1328,0.00742814,0.02484940,0.02598425
OBJ,1329,0.00741711,0.02483070,0.02598425
OBJ,1330,0.00741470,0.02481203,0.02598425
OBJ,1331,0.00739589,0.02479339,0.02598425
OBJ,1332,0.00738611,0.02552553,0.02677165
OBJ,1333,0.00738290,0.02550638,0.02677165
OBJ,1334,0.00737501,0.02623688,0.02755906
OBJ,1335,0.00736348,0.02621723,0.02755906
OBJ,1336,0.00735709,0.02619760,0.02755906
OBJ,1337,0.00734977,0.02617801,0.02755906
OBJ,1338,0.00734564,0.02615845,0.02755906
OBJ,1339,0.00733075,0.02613891,0.02755906
OBJ,1340,0.00732186,0.02611940,0.02755906
OBJ,1341,0.00731374,0.02609993,0.02755906
OBJ,1342,0.00731185,0.02608048,0.02755906
OBJ,1343,0.00729022,0.02606106,0.02755906
OBJ,1344,0.00728513,0.02604167,0.02755906
OBJ,1345,0.00727619,0.02676580,0.02834646
OBJ,1346,0.00727618,0.02674591,0.02834646
OBJ,1347,0.00727402,0.02672606,0.02834646
OBJ,1348,0.00726184,0.02670623,0.02834646
OBJ,1349,0.00725602,0.02668643,0.02834646
OBJ,1350,0.00724928,0.02666667,0.02834646
OBJ,1351,0.00724199,0.02664693,0.02834646
OBJ,1352,0.00722453,0.02662722,0.02834646
OBJ,1353,0.00721653,0.02660754,0.02834646
OBJ,1354,0.00721055,0.02658789,0.02834646
OBJ,1355,0.00719437,0.02656827,0.02834646
OBJ,1356,0.00718270,0.02654867,0.02834646
OBJ,1357,0.00717503,0.02652911,0.02834646
OBJ,1358,0.00716972,0.02650957,0.02834646
OBJ,1359,0.00716953,0.02649007,0.02834646
OBJ,1360,0.00716786,0.02647059,0.02834646
OBJ,1361,0.00716716,0.02645114,0.02834646
OBJ,1362,0.00715694,0.02643172,0.02834646
OBJ,1363,0.00715328,0.02641233,0.02834646
OBJ,1364,0.00715280,0.02639296,0.02834646
OBJ,1365,0.00715118,0.02637363,0.02834646
OBJ,1366,0.00713783,0.02635432,0.02834646
OBJ,1367,0.00712620,0.02633504,0.02834646
OBJ,1368,0.00712401,0.02631579,0.02834646
OBJ,1369,0.00711801,0.02629657,0.02834646
OBJ,1370,0.00710266,0.02700730,0.02913386
OBJ,1371,0.00709997,0.02698760,0.02913386
OBJ,1372,0.00709033,0.02696793,0.02913386
OBJ,1373,0.00707552,0.02694829,0.02913386
OBJ,1374,0.00707517,0.02692868,0.02913386
OBJ,1375,0.00707062,0.02690909,0.02913386
OBJ,1376,0.00706872,0.02688953,0.02913386
OBJ,1377,0.00705840,0.02687001,0.02913386
OBJ,1378,0.00705613,0.02685051,0.02913386
OBJ,1379,0.00705382,0.02683104,0.02913386
OBJ,1380,0.00704870,0.02681159,0.02913386
OBJ,1381,0.00704774,0.02679218,0.02913386
OBJ,1382,0.00703950,0.02677279,0.02913386
OBJ,1383,0.00703634,0.02675343,0.02913386
OBJ,1384,0.00703184,0.02673410,0.02913386
OBJ,1385,0.00702934,0.02743682,0.02992126
OBJ,1386,0.00702542,0.02741703,0.02992126
OBJ,1387,0.00702324,0.02739726,0.02992126
OBJ,1388,0.00702147,0.02737752,0.02992126
OBJ,1389,0.00701966,0.02735781,0.02992126
OBJ,1390,0.00701587,0.02733813,0.02992126
OBJ,1391,0.00700857,0.02731848,0.02992126
OBJ,1392,0.00699137,0.02729885,0.02992126
OBJ,1393,0.00698981,0.02727925,0.02992126
OBJ,1394,0.00698569,0.02725968,0.02992126
OBJ,1395,0.00698344,0.02724014,0.02992126
OBJ,1396,0.00698239,0.02722063,0.02992126
OBJ,1397,0.00697198,0.02720115,0.02992126
OBJ,1398,0.00696895,0.02718169,0.02992126
OBJ,1399,0.00696037,0.02716226,0.02992126
OBJ,1400,0.00695808,0.02714286,0.02992126
OBJ,1401,0.00695756,0.02712348,0.02992126
OBJ,1402,0.00695722,0.02710414,0.02992126
OBJ,1403,0.00695186,0.02708482,0.02992126
OBJ,1404,0.00692849,0.02706553,0.02992126
OBJ,1405,0.00692517,0.02704626,0.02992126
OBJ,1406,0.00692502,0.02702703,0.02992126
OBJ,1407,0.00691663,0.02700782,0.02992126
OBJ,1408,0.00691418,0.02698864,0.02992126
OBJ,1409,0.00691413,0.02696948,0.02992126
OBJ,1410,0.00691359,0.02695035,0.02992126
OBJ,1411,0.00690540,0.02693125,0.02992126
OBJ,1412,0.00690371,0.02691218,0.02992126
OBJ,1413,0.00690030,0.02689314,0.02992126
OBJ,1414,0.00688979,0.02687412,0.02992126
OBJ,1415,0.00688117,0.02685512,0.02992126
OBJ,1416,0.00686127,0.02683616,0.02992126
OBJ,1417,0.00685307,0.02681722,0.02992126
OBJ,1418,0.00684694,0.02679831,0.02992126
OBJ,1419,0.00681213,0.02677942,0.02992126
OBJ,1420,0.00680999,0.02676056,0.02992126
OBJ,1421,0.00680769,0.02674173,0.02992126
OBJ,1422,0.00680583,0.02672293,0.02992126
OBJ,1423,0.00680557,0.02670415,0.02992126
OBJ,1424,0.00680323,0.02668539,0.02992126
OBJ,1425,0.00679379,0.02666667,0.02992126
OBJ,1426,0.00677281,0.02664797,0.02992126
OBJ,1427,0.00674519,0.02662929,0.02992126
OBJ,1428,0.00674249,0.02661064,0.02992126
OBJ,1429,0.00674013,0.02659202,0.02992126
OBJ,1430,0.00673663,0.02657343,0.02992126
OBJ,1431,0.00673260,0.02655486,0.02992126
OBJ,1432,0.00671935,0.02653631,0.02992126
OBJ,1433,0.00669666,0.02721563,0.03070866
OBJ,1434,0.00669525,0.02719665,0.03070866
OBJ,1435,0.00669491,0.02717770,0.03070866
OBJ,1436,0.00668663,0.02715877,0.03070866
OBJ,1437,0.00664537,0.02713987,0.03070866
OBJ,1438,0.00664432,0.02712100,0.03070866
OBJ,1439,0.00662972,0.02710215,0.03070866
OBJ,1440,0.00662651,0.02708333,0.03070866
OBJ,1441,0.00662568,0.02706454,0.03070866
OBJ,1442,0.00662289,0.02704577,0.03070866
OBJ,1443,0.00661957,0.02702703,0.03070866
OBJ,1444,0.00661834,0.02700831,0.03070866
OBJ,1445,0.00658611,0.02698962,0.03070866
OBJ,1446,0.00656894,0.02697095,0.03070866
OBJ,1447,0.00656250,0.02695232,0.03070866
OBJ,1448,0.00655265,0.02693370,0.03070866
OBJ,1449,0.00654390,0.02691511,0.03070866
OBJ,1450,0.00651623,0.02689655,0.03070866
OBJ,1451,0.00651138,0.02687802,0.03070866
OBJ,1452,0.00650765,0.02685950,0.03070866
OBJ,1453,0.00650495,0.02684102,0.03070866
OBJ,1454,0.00649260,0.02682256,0.03070866
OBJ,1455,0.00649203,0.02680412,0.03070866
OBJ,1456,0.00648903,0.02678571,0.03070866
OBJ,1457,0.00648699,0.02676733,0.03070866
OBJ,1458,0.00646949,0.02674897,0.03070866
OBJ,1459,0.00645245,0.02673064,0.03070866
OBJ,1460,0.00645242,0.02671233,0.03070866
OBJ,1461,0.00644216,0.02669405,0.03070866
OBJ,1462,0.00643738,0.02667579,0.03070866
OBJ,1463,0.00643137,0.02665755,0.03070866
OBJ,1464,0.00642272,0.02663934,0.03070866
OBJ,1465,0.00642187,0.02662116,0.03070866
OBJ,1466,0.00640724,0.02660300,0.03070866
OBJ,1467,0.00640187,0.02658487,0.03070866
OBJ,1468,0.00639088,0.02656676,0.03070866
OBJ,1469,0.00637993,0.02654867,0.03070866
OBJ,1470,0.00637239,0.02653061,0.03070866
OBJ,1471,0.00637106,0.02651258,0.03070866
OBJ,1472,0.00636712,0.02649457,0.03070866
OBJ,1473,0.00636186,0.02647658,0.03070866
OBJ,1474,0.00636153,0.02645862,0.03070866
OBJ,1475,0.00635658,0.02644068,0.03070866
OBJ,1476,0.00635608,0.02642276,0.03070866
OBJ,1477,0.00634483,0.02640487,0.03070866
OBJ,1478,0.00634444,0.02638701,0.03070866
OBJ,1479,0.00634094,0.02636917,0.03070866
OBJ,1480,0.00632716,0.02635135,0.03070866
OBJ,1481,0.00631190,0.02633356,0.03070866
OBJ,1482,0.00630848,0.02631579,0.03070866
OBJ,1483,0.00629725,0.02629804,0.03070866
OBJ,1484,0.00629258,0.02628032,0.03070866
OBJ,1485,0.00629182,0.02693603,0.03149606
OBJ,1486,0.00629093,0.02691790,0.03149606
OBJ,1487,0.00624569,0.02689980,0.03149606
OBJ,1488,0.00624206,0.02688172,0.03149606
OBJ,1489,0.00623537,0.02686367,0.03149606
OBJ,1490,0.00622929,0.02684564,0.03149606
OBJ,1491,0.00622620,0.02682763,0.03149606
OBJ,1492,0.00621680,0.02680965,0.03149606
OBJ,1493,0.00621092,0.02679169,0.03149606
OBJ,1494,0.00619915,0.02677376,0.03149606
OBJ,1495,0.00618764,0.02675585,0.03149606
OBJ,1496,0.00617205,0.02673797,0.03149606
OBJ,1497,0.00616885,0.02672011,0.03149606
OBJ,1498,0.00616873,0.02670227,0.03149606
OBJ,1499,0.00616243,0.02668446,0.03149606
OBJ,1500,0.00615462,0.02666667,0.03149606
OBJ,1501,0.00614229,0.02731512,0.03228346
OBJ,1502,0.00613927,0.02729694,0.03228346
OBJ,1503,0.00613804,0.02727878,0.03228346
OBJ,1504,0.00612843,0.02726064,0.03228346
OBJ,1505,0.00612720,0.02724252,0.03228346
OBJ,1506,0.00612173,0.02722444,0.03228346
OBJ,1507,0.00611928,0.02720637,0.03228346
OBJ,1508,0.00611190,0.02718833,0.03228346
OBJ,1509,0.00608293,0.02717031,0.03228346
OBJ,1510,0.00608085,0.02715232,0.03228346
OBJ,1511,0.00607918,0.02713435,0.03228346
OBJ,1512,0.00606263,0.02711640,0.03228346
OBJ,1513,0.00606036,0.02709848,0.03228346
OBJ,1514,0.00604027,0.02708058,0.03228346
OBJ,1515,0.00602647,0.02706271,0.03228346
OBJ,1516,0.00601841,0.02704485,0.03228346
OBJ,1517,0.00601242,0.02702703,0.03228346
OBJ,1518,0.00600841,0.02700922,0.03228346
OBJ,1519,0.00600833,0.02699144,0.03228346
OBJ,1520,0.00600345,0.02697368,0.03228346
OBJ,1521,0.00600142,0.02695595,0.03228346
OBJ,1522,0.00599213,0.02693824,0.03228346
OBJ,1523,0.00598946,0.02692055,0.03228346
OBJ,1524,0.00598725,0.02690289,0.03228346
OBJ,1525,0.00597990,0.02688525,0.03228346
OBJ,1526,0.00597508,0.02686763,0.03228346
OBJ,1527,0.00597213,0.02685003,0.03228346
OBJ,1528,0.00597159,0.02683246,0.03228346
OBJ,1529,0.00597103,0.02681491,0.03228346
OBJ,1530,0.00595804,0.02679739,0.03228346
OBJ,1531,0.00595335,0.02677988,0.03228346
OBJ,1532,0.00594560,0.02676240,0.03228346
OBJ,1533,0.00594120,0.02674494,0.03228346
OBJ,1534,0.00593866,0.02672751,0.03228346
OBJ,1535,0.00593658,0.02671010,0.03228346
OBJ,1536,0.00593285,0.02669271,0.03228346
OBJ,1537,0.00593129,0.02667534,0.03228346
OBJ,1538,0.00592716,0.02665800,0.03228346
OBJ,1539,0.00592382,0.02664068,0.03228346
OBJ,1540,0.00592190,0.02662338,0.03228346
OBJ,1541,0.00591703,0.02660610,0.03228346
OBJ,1542,0.00591617,0.02658885,0.03228346
OBJ,1543,0.00590737,0.02657161,0.03228346
OBJ,1544,0.00590541,0.02655440,0.03228346
OBJ,1545,0.00589609,0.02653722,0.03228346
OBJ,1546,0.00589536,0.02652005,0.03228346
OBJ,1547,0.00588968,0.02650291,0.03228346
OBJ,1548,0.00588107,0.02648579,0.03228346
OBJ,1549,0.00587684,0.02646869,0.03228346
OBJ,1550,0.00587680,0.02645161,0.03228346
OBJ,1551,0.00586123,0.02643456,0.03228346
OBJ,1552,0.00585579,0.02641753,0.03228346
OBJ,1553,0.00585569,0.02640052,0.03228346
OBJ,1554,0.00585530,0.02638353,0.03228346
OBJ,1555,0.00585016,0.02636656,0.03228346
OBJ,1556,0.00582460,0.02634961,0.03228346
OBJ,1557,0.00581396,0.02633269,0.03228346
OBJ,1558,0.00581366,0.02631579,0.03228346
OBJ,1559,0.00580974,0.02629891,0.03228346
OBJ,1560,0.00580758,0.02628205,0.03228346
OBJ,1561,0.00580027,0.02626521,0.03228346
OBJ,1562,0.00579742,0.02688860,0.03307087
OBJ,1563,0.00578657,0.02751120,0.03385827
OBJ,1564,0.00578518,0.02749361,0.03385827
OBJ,1565,0.00578015,0.02747604,0.03385827
OBJ,1566,0.00577419,0.02745849,0.03385827
OBJ,1567,0.00577232,0.02744097,0.03385827
OBJ,1568,0.00577214,0.02742347,0.03385827
OBJ,1569,0.00576715,0.02740599,0.03385827
OBJ,1570,0.00576025,0.02738854,0.03385827
OBJ,1571,0.00576024,0.02737110,0.03385827
OBJ,1572,0.00575815,0.02735369,0.03385827
OBJ,1573,0.00574548,0.02733630,0.03385827
OBJ,1574,0.00573912,0.02731893,0.03385827
OBJ,1575,0.00572486,0.02730159,0.03385827
OBJ,1576,0.00571327,0.02728426,0.03385827
OBJ,1577,0.00571274,0.02726696,0.03385827
OBJ,1578,0.00571176,0.02724968,0.03385827
OBJ,1579,0.00571166,0.02723243,0.03385827
OBJ,1580,0.00571064,0.02721519,0.03385827
OBJ,1581,0.00570792,0.02719798,0.03385827
OBJ,1582,0.00570682,0.02718078,0.03385827
OBJ,1583,0.00570459,0.02716361,0.03385827
OBJ,1584,0.00568905,0.02714646,0.03385827
OBJ,1585,0.00568528,0.02712934,0.03385827
OBJ,1586,0.00568223,0.02711223,0.03385827
OBJ,1587,0.00567421,0.02709515,0.03385827
OBJ,1588,0.00567068,0.02707809,0.03385827
OBJ,1589,0.00566810,0.02706104,0.03385827
OBJ,1590,0.00566438,0.02704403,0.03385827
OBJ,1591,0.00563687,0.02702703,0.03385827
OBJ,1592,0.00563598,0.02701005,0.03385827
OBJ,1593,0.00560184,0.02699309,0.03385827
OBJ,1594,0.00559403,0.02697616,0.03385827
OBJ,1595,0.00558808,0.02695925,0.03385827
OBJ,1596,0.00557665,0.02694236,0.03385827
OBJ,1597,0.00557190,0.02692549,0.03385827
OBJ,1598,0.00556222,0.02690864,0.03385827
OBJ,1599,0.00554790,0.02689181,0.03385827
OBJ,1600,0.00553918,0.02687500,0.03385827
OBJ,1601,0.00553287,0.02685821,0.03385827
OBJ,1602,0.00552438,0.02684145,0.03385827
OBJ,1603,0.00551791,0.02682470,0.03385827
OBJ,1604,0.00551070,0.02680798,0.03385827
OBJ,1605,0.00550612,0.02679128,0.03385827
OBJ,1606,0.00550459,0.02677460,0.03385827
OBJ,1607,0.00550432,0.02675793,0.03385827
OBJ,1608,0.00549771,0.02674129,0.03385827
OBJ,1609,0.00549088,0.02672467,0.03385827
OBJ,1610,0.00548822,0.02670807,0.03385827
OBJ,1611,0.00548371,0.02669150,0.03385827
OBJ,1612,0.00548047,0.02667494,0.03385827
OBJ,1613,0.00547629,0.02665840,0.03385827
OBJ,1614,0.00547457,0.02664188,0.03385827
OBJ,1615,0.00546781,0.02662539,0.03385827
OBJ,1616,0.00546285,0.02660891,0.03385827
OBJ,1617,0.00546079,0.02659246,0.03385827
OBJ,1618,0.00545248,0.02657602,0.03385827
OBJ,1619,0.00545164,0.02655960,0.03385827
OBJ,1620,0.00544750,0.02654321,0.03385827
OBJ,1621,0.00543262,0.02652684,0.03385827
OBJ,1622,0.00542928,0.02651048,0.03385827
OBJ,1623,0.00542107,0.02649415,0.03385827
OBJ,1624,0.00541972,0.02647783,0.03385827
OBJ,1625,0.00541744,0.02646154,0.03385827
OBJ,1626,0.00540028,0.02644526,0.03385827
OBJ,1627,0.00538314,0.02642901,0.03385827
OBJ,1628,0.00538275,0.02641278,0.03385827
OBJ,1629,0.00537737,0.02639656,0.03385827
OBJ,1630,0.00537368,0.02638037,0.03385827
OBJ,1631,0.00537173,0.02636419,0.03385827
OBJ,1632,0.00536954,0.02696078,0.03464567
OBJ,1633,0.00536896,0.02694427,0.03464567
OBJ,1634,0.00535854,0.02692778,0.03464567
OBJ,1635,0.00535587,0.02691131,0.03464567
OBJ,1636,0.00535554,0.02689487,0.03464567
OBJ,1637,0.00534303,0.02687844,0.03464567
OBJ,1638,0.00534228,0.02747253,0.03543307
OBJ,1639,0.00533977,0.02745577,0.03543307
OBJ,1640,0.00533807,0.02743902,0.03543307
OBJ,1641,0.00533181,0.02742230,0.03543307
OBJ,1642,0.00532397,0.02740560,0.03543307
OBJ,1643,0.00532263,0.02738892,0.03543307
OBJ,1644,0.00531737,0.02737226,0.03543307
OBJ,1645,0.00531101,0.02735562,0.03543307
OBJ,1646,0.00530677,0.02733900,0.03543307
OBJ,1647,0.00530443,0.02732240,0.03543307
OBJ,1648,0.00529309,0.02730583,0.03543307
OBJ,1649,0.00528751,0.02728927,0.03543307
OBJ,1650,0.00528338,0.02727273,0.03543307
OBJ,1651,0.00528042,0.02786190,0.03622047
OBJ,1652,0.00527353,0.02784504,0.03622047
OBJ,1653,0.00527318,0.02782819,0.03622047
OBJ,1654,0.00524866,0.02781137,0.03622047
OBJ,1655,0.00524737,0.02779456,0.03622047
OBJ,1656,0.00524219,0.02777778,0.03622047
OBJ,1657,0.00523700,0.02776101,0.03622047
OBJ,1658,0.00523422,0.02774427,0.03622047
OBJ,1659,0.00523010,0.02772755,0.03622047
OBJ,1660,0.00522802,0.02771084,0.03622047
OBJ,1661,0.00521794,0.02769416,0.03622047
OBJ,1662,0.00520835,0.02827918,0.03700787
OBJ,1663,0.00520516,0.02826218,0.03700787
OBJ,1664,0.00520187,0.02824519,0.03700787
OBJ,1665,0.00519915,0.02822823,0.03700787
OBJ,1666,0.00519871,0.02821128,0.03700787
OBJ,1667,0.00519823,0.02819436,0.03700787
OBJ,1668,0.00518475,0.02817746,0.03700787
OBJ,1669,0.00518446,0.02816058,0.03700787
OBJ,1670,0.00518182,0.02814371,0.03700787
OBJ,1671,0.00517691,0.02812687,0.03700787
OBJ,1672,0.00517465,0.02811005,0.03700787
OBJ,1673,0.00517309,0.02809325,0.03700787
OBJ,1674,0.00517133,0.02867384,0.03779528
OBJ,1675,0.00516500,0.02865672,0.03779528
OBJ,1676,0.00516455,0.02863962,0.03779528
OBJ,1677,0.00514994,0.02862254,0.03779528
OBJ,1678,0.00514744,0.02860548,0.03779528
OBJ,1679,0.00514003,0.02858845,0.03779528
OBJ,1680,0.00513852,0.02857143,0.03779528
OBJ,1681,0.00513049,0.02914932,0.03858268
OBJ,1682,0.00513004,0.02913199,0.03858268
OBJ,1683,0.00511940,0.02911468,0.03858268
OBJ,1684,0.00511921,0.02909739,0.03858268
OBJ,1685,0.00511041,0.02908012,0.03858268
OBJ,1686,0.00510205,0.02906287,0.03858268
OBJ,1687,0.00510156,0.02904564,0.03858268
OBJ,1688,0.00509901,0.02902844,0.03858268
OBJ,1689,0.00509652,0.02901125,0.03858268
OBJ,1690,0.00508940,0.02899408,0.03858268
OBJ,1691,0.00508889,0.02956830,0.03937008
OBJ,1692,0.00508798,0.02955083,0.03937008
OBJ,1693,0.00508531,0.02953337,0.03937008
OBJ,1694,0.00507855,0.02951594,0.03937008
OBJ,1695,0.00507403,0.02949853,0.03937008
OBJ,1696,0.00507173,0.02948113,0.03937008
OBJ,1697,0.00507138,0.02946376,0.03937008
OBJ,1698,0.00506787,0.02944641,0.03937008
OBJ,1699,0.00506174,0.02942908,0.03937008
OBJ,1700,0.00505420,0.02941176,0.03937008
OBJ,1701,0.00505052,0.02939447,0.03937008
OBJ,1702,0.00504762,0.02937720,0.03937008
OBJ,1703,0.00504571,0.02935995,0.03937008
OBJ,1704,0.00503945,0.02934272,0.03937008
OBJ,1705,0.00501899,0.02932551,0.03937008
OBJ,1706,0.00499914,0.02930832,0.03937008
OBJ,1707,0.00499492,0.02929115,0.03937008
OBJ,1708,0.00498542,0.02927400,0.03937008
OBJ,1709,0.00498318,0.02925688,0.03937008
OBJ,1710,0.00497330,0.02923977,0.03937008
OBJ,1711,0.00497285,0.02922268,0.03937008
OBJ,1712,0.00497216,0.02920561,0.03937008
OBJ,1713,0.00496397,0.02918856,0.03937008
OBJ,1714,0.00496235,0.02917153,0.03937008
OBJ,1715,0.00495450,0.02915452,0.03937008
OBJ,1716,0.00494464,0.02913753,0.03937008
OBJ,1717,0.00494438,0.02912056,0.03937008
OBJ,1718,0.00494096,0.02910361,0.03937008
OBJ,1719,0.00494037,0.02908668,0.03937008
OBJ,1720,0.00493862,0.02906977,0.03937008
OBJ,1721,0.00493598,0.02963393,0.04015748
OBJ,1722,0.00493325,0.02961672,0.04015748
OBJ,1723,0.00493280,0.02959954,0.04015748
OBJ,1724,0.00492993,0.02958237,0.04015748
OBJ,1725,0.00492756,0.02956522,0.04015748
OBJ,1726,0.00492463,0.02954809,0.04015748
OBJ,1727,0.00492349,0.02953098,0.04015748
OBJ,1728,0.00492070,0.02951389,0.04015748
OBJ,1729,0.00492049,0.02949682,0.04015748
OBJ,1730,0.00491566,0.02947977,0.04015748
OBJ,1731,0.00489824,0.02946274,0.04015748
OBJ,1732,0.00489779,0.02944573,0.04015748
OBJ,1733,0.00489722,0.02942874,0.04015748
OBJ,1734,0.00487806,0.02998847,0.04094488
OBJ,1735,0.00487066,0.02997118,0.04094488
OBJ,1736,0.00486197,0.02995392,0.04094488
OBJ,1737,0.00485075,0.02993667,0.04094488
OBJ,1738,0.00484850,0.02991945,0.04094488
OBJ,1739,0.00484675,0.02990224,0.04094488
OBJ,1740,0.00484158,0.02988506,0.04094488
OBJ,1741,0.00484097,0.02986789,0.04094488
OBJ,1742,0.00483797,0.03042480,0.04173228
OBJ,1743,0.00483681,0.03040734,0.04173228
OBJ,1744,0.00483223,0.03038991,0.04173228
OBJ,1745,0.00481364,0.03037249,0.04173228
OBJ,1746,0.00481145,0.03035510,0.04173228
OBJ,1747,0.00480794,0.03033772,0.04173228
OBJ,1748,0.00480161,0.03032037,0.04173228
OBJ,1749,0.00479371,0.03030303,0.04173228
OBJ,1750,0.00479353,0.03028571,0.04173228
OBJ,1751,0.00479210,0.03026842,0.04173228
OBJ,1752,0.00479001,0.03025114,0.04173228
OBJ,1753,0.00478860,0.03023388,0.04173228
OBJ,1754,0.00478063,0.03021665,0.04173228
OBJ,1755,0.00478023,0.03019943,0.04173228
OBJ,1756,0.00477430,0.03018223,0.04173228
OBJ,1757,0.00477157,0.03016505,0.04173228
OBJ,1758,0.00477004,0.03014790,0.04173228
OBJ,1759,0.00476901,0.03013076,0.04173228
OBJ,1760,0.00476689,0.03011364,0.04173228
OBJ,1761,0.00474551,0.03009654,0.04173228
OBJ,1762,0.00473892,0.03007946,0.04173228
OBJ,1763,0.00473536,0.03006239,0.04173228
OBJ,1764,0.00472643,0.03004535,0.04173228
OBJ,1765,0.00470724,0.03002833,0.04173228
OBJ,1766,0.00470223,0.03001133,0.04173228
OBJ,1767,0.00468570,0.02999434,0.04173228
OBJ,1768,0.00468303,0.02997738,0.04173228
OBJ,1769,0.00467937,0.02996043,0.04173228
OBJ,1770,0.00467125,0.02994350,0.04173228
OBJ,1771,0.00466154,0.02992660,0.04173228
OBJ,1772,0.00465023,0.02990971,0.04173228
OBJ,1773,0.00464523,0.02989284,0.04173228
OBJ,1774,0.00463162,0.02987599,0.04173228
OBJ,1775,0.00462744,0.02985915,0.04173228
OBJ,1776,0.00462642,0.02984234,0.04173228
OBJ,1777,0.00462639,0.02982555,0.04173228
OBJ,1778,0.00462525,0.02980877,0.04173228
OBJ,1779,0.00462074,0.02979202,0.04173228
OBJ,1780,0.00461661,0.02977528,0.04173228
OBJ,1781,0.00461341,0.02975856,0.04173228
OBJ,1782,0.00461257,0.02974186,0.04173228
OBJ,1783,0.00459971,0.02972518,0.04173228
OBJ,1784,0.00459808,0.02970852,0.04173228
OBJ,1785,0.00458722,0.02969188,0.04173228
OBJ,1786,0.00458477,0.02967525,0.04173228
OBJ,1787,0.00457775,0.02965865,0.04173228
OBJ,1788,0.00457655,0.02964206,0.04173228
OBJ,1789,0.00457527,0.02962549,0.04173228
OBJ,1790,0.00457327,0.02960894,0.04173228
OBJ,1791,0.00456443,0.02959241,0.04173228
OBJ,1792,0.00455927,0.02957589,0.04173228
OBJ,1793,0.00455804,0.02955940,0.04173228
OBJ,1794,0.00455746,0.02954292,0.04173228
OBJ,1795,0.00455691,0.02952646,0.04173228
OBJ,1796,0.00455675,0.02951002,0.04173228
OBJ,1797,0.00455395,0.02949360,0.04173228
OBJ,1798,0.00454333,0.02947720,0.04173228
OBJ,1799,0.00454184,0.02946081,0.04173228
OBJ,1800,0.00454129,0.02944444,0.04173228
OBJ,1801,0.00454064,0.02942810,0.04173228
OBJ,1802,0.00453214,0.02941176,0.04173228
OBJ,1803,0.00453160,0.02939545,0.04173228
OBJ,1804,0.00452504,0.02937916,0.04173228
OBJ,1805,0.00452394,0.02936288,0.04173228
OBJ,1806,0.00451719,0.02934662,0.04173228
OBJ,1807,0.00451349,0.02933038,0.04173228
OBJ,1808,0.00451132,0.02931416,0.04173228
OBJ,1809,0.00450944,0.02929795,0.04173228
OBJ,1810,0.00449052,0.02928177,0.04173228
OBJ,1811,0.00449027,0.02926560,0.04173228
OBJ,1812,0.00448682,0.02924945,0.04173228
OBJ,1813,0.00448577,0.02923331,0.04173228
OBJ,1814,0.00448504,0.02921720,0.04173228
OBJ,1815,0.00448480,0.02920110,0.04173228
OBJ,1816,0.00448348,0.02918502,0.04173228
OBJ,1817,0.00448068,0.02916896,0.04173228
OBJ,1818,0.00447860,0.02915292,0.04173228
OBJ,1819,0.00447110,0.02913689,0.04173228
OBJ,1820,0.00446860,0.02912088,0.04173228
OBJ,1821,0.00446621,0.02910489,0.04173228
OBJ,1822,0.00446417,0.02908891,0.04173228
OBJ,1823,0.00445958,0.02907296,0.04173228
OBJ,1824,0.00445743,0.02905702,0.04173228
OBJ,1825,0.00444256,0.02904110,0.04173228
OBJ,1826,0.00444112,0.02902519,0.04173228
OBJ,1827,0.00444010,0.02900930,0.04173228
OBJ,1828,0.00444008,0.02899344,0.04173228
OBJ,1829,0.00442655,0.02897758,0.04173228
OBJ,1830,0.00442494,0.02896175,0.04173228
OBJ,1831,0.00442422,0.02894593,0.04173228
OBJ,1832,0.00441734,0.02893013,0.04173228
OBJ,1833,0.00441412,0.02891435,0.04173228
OBJ,1834,0.00441380,0.02889858,0.04173228
OBJ,1835,0.00441181,0.02888283,0.04173228
OBJ,1836,0.00440163,0.02941176,0.04251969
OBJ,1837,0.00440060,0.02939575,0.04251969
OBJ,1838,0.00440053,0.02937976,0.04251969
OBJ,1839,0.00440042,0.02936378,0.04251969
OBJ,1840,0.00439986,0.02934783,0.04251969
OBJ,1841,0.00439519,0.02933188,0.04251969
OBJ,1842,0.00439365,0.02931596,0.04251969
OBJ,1843,0.00439173,0.02930005,0.04251969
OBJ,1844,0.00438438,0.02928416,0.04251969
OBJ,1845,0.00438298,0.02926829,0.04251969
OBJ,1846,0.00438146,0.02925244,0.04251969
OBJ,1847,0.00438047,0.02923660,0.04251969
OBJ,1848,0.00437539,0.02922078,0.04251969
OBJ,1849,0.00437225,0.02920498,0.04251969
OBJ,1850,0.00436809,0.02918919,0.04251969
OBJ,1851,0.00436553,0.02917342,0.04251969
OBJ,1852,0.00436059,0.02915767,0.04251969
OBJ,1853,0.00435652,0.02914193,0.04251969
OBJ,1854,0.00435286,0.02912621,0.04251969
OBJ,1855,0.00435023,0.02911051,0.04251969
OBJ,1856,0.00434063,0.02909483,0.04251969
OBJ,1857,0.00433879,0.02907916,0.04251969
OBJ,1858,0.00433622,0.02906351,0.04251969
OBJ,1859,0.00433476,0.02904788,0.04251969
OBJ,1860,0.00432950,0.02903226,0.04251969
OBJ,1861,0.00432334,0.02901666,0.04251969
OBJ,1862,0.00431667,0.02900107,0.04251969
OBJ,1863,0.00431620,0.02898551,0.04251969
OBJ,1864,0.00431519,0.02896996,0.04251969
OBJ,1865,0.00430967,0.02895442,0.04251969
OBJ,1866,0.00430517,0.02893891,0.04251969
OBJ,1867,0.00430267,0.02892341,0.04251969
OBJ,1868,0.00429447,0.02890792,0.04251969
OBJ,1869,0.00429167,0.02889246,0.04251969
OBJ,1870,0.00426964,0.02887701,0.04251969
OBJ,1871,0.00426921,0.02886157,0.04251969
OBJ,1872,0.00426526,0.02884615,0.04251969
OBJ,1873,0.00426231,0.02883075,0.04251969
OBJ,1874,0.00426046,0.02881537,0.04251969
OBJ,1875,0.00425997,0.02880000,0.04251969
OBJ,1876,0.00425432,0.02878465,0.04251969
OBJ,1877,0.00424988,0.02876931,0.04251969
OBJ,1878,0.00424452,0.02875399,0.04251969
OBJ,1879,0.00424099,0.02873869,0.04251969
OBJ,1880,0.00424032,0.02872340,0.04251969
OBJ,1881,0.00423163,0.02923977,0.04330709
OBJ,1882,0.00422684,0.02922423,0.04330709
OBJ,1883,0.00422073,0.02920871,0.04330709
OBJ,1884,0.00421761,0.02919321,0.04330709
OBJ,1885,0.00420673,0.02917772,0.04330709
OBJ,1886,0.00419915,0.02916225,0.04330709
OBJ,1887,0.00419579,0.02914679,0.04330709
OBJ,1888,0.00419402,0.02913136,0.04330709
OBJ,1889,0.00419359,0.02911593,0.04330709
OBJ,1890,0.00419225,0.02910053,0.04330709
OBJ,1891,0.00418083,0.02908514,0.04330709
OBJ,1892,0.00417383,0.02906977,0.04330709
OBJ,1893,0.00416043,0.02958267,0.04409449
OBJ,1894,0.00415997,0.02956705,0.04409449
OBJ,1895,0.00415954,0.02955145,0.04409449
OBJ,1896,0.00415164,0.02953586,0.04409449
OBJ,1897,0.00414929,0.02952030,0.04409449
OBJ,1898,0.00414634,0.02950474,0.04409449
OBJ,1899,0.00414436,0.02948920,0.04409449
OBJ,1900,0.00414204,0.02947368,0.04409449
OBJ,1901,0.00413910,0.02998422,0.04488189
OBJ,1902,0.00413896,0.02996845,0.04488189
OBJ,1903,0.00413831,0.02995271,0.04488189
OBJ,1904,0.00413775,0.02993697,0.04488189
OBJ,1905,0.00412612,0.02992126,0.04488189
OBJ,1906,0.00412567,0.02990556,0.04488189
OBJ,1907,0.00412391,0.02988988,0.04488189
OBJ,1908,0.00412229,0.02987421,0.04488189
OBJ,1909,0.00412188,0.02985856,0.04488189
OBJ,1910,0.00412123,0.03036649,0.04566929
OBJ,1911,0.00411624,0.03035060,0.04566929
OBJ,1912,0.00409414,0.03033473,0.04566929
OBJ,1913,0.00409172,0.03031887,0.04566929
OBJ,1914,0.00408692,0.03030303,0.04566929
OBJ,1915,0.00408225,0.03028721,0.04566929
OBJ,1916,0.00407828,0.03027140,0.04566929
OBJ,1917,0.00407707,0.03025561,0.04566929
OBJ,1918,0.00407056,0.03023983,0.04566929
OBJ,1919,0.00406814,0.03022408,0.04566929
OBJ,1920,0.00406665,0.03020833,0.04566929
OBJ,1921,0.00406536,0.03019261,0.04566929
OBJ,1922,0.00406419,0.03069719,0.04645669
OBJ,1923,0.00405483,0.03068123,0.04645669
OBJ,1924,0.00404641,0.03066528,0.04645669
OBJ,1925,0.00404630,0.03064935,0.04645669
OBJ,1926,0.00404486,0.03063344,0.04645669
OBJ,1927,0.00404080,0.03061754,0.04645669
OBJ,1928,0.00403088,0.03112033,0.04724409
OBJ,1929,0.00402697,0.03110420,0.04724409
OBJ,1930,0.00402679,0.03108808,0.04724409
OBJ,1931,0.00402577,0.03107198,0.04724409
OBJ,1932,0.00401476,0.03105590,0.04724409
OBJ,1933,0.00401427,0.03103983,0.04724409
OBJ,1934,0.00401277,0.03102378,0.04724409
OBJ,1935,0.00401106,0.03100775,0.04724409
OBJ,1936,0.00400404,0.03099174,0.04724409
OBJ,1937,0.00399674,0.03097574,0.04724409
OBJ,1938,0.00399566,0.03095975,0.04724409
OBJ,1939,0.00399541,0.03094379,0.04724409
OBJ,1940,0.00399371,0.03092784,0.04724409
OBJ,1941,0.00399105,0.03091190,0.04724409
OBJ,1942,0.00397760,0.03089598,0.04724409
OBJ,1943,0.00397175,0.03139475,0.04803150
OBJ,1944,0.00396018,0.03137860,0.04803150
OBJ,1945,0.00395733,0.03136247,0.04803150
OBJ,1946,0.00395588,0.03134635,0.04803150
OBJ,1947,0.00395523,0.03133025,0.04803150
OBJ,1948,0.00395255,0.03131417,0.04803150
OBJ,1949,0.00395054,0.03129810,0.04803150
OBJ,1950,0.00395052,0.03128205,0.04803150
OBJ,1951,0.00394545,0.03126602,0.04803150
OBJ,1952,0.00394364,0.03125000,0.04803150
OBJ,1953,0.00394164,0.03123400,0.04803150
OBJ,1954,0.00394030,0.03121801,0.04803150
OBJ,1955,0.00393696,0.03120205,0.04803150
OBJ,1956,0.00393381,0.03118609,0.04803150
OBJ,1957,0.00393332,0.03117016,0.04803150
OBJ,1958,0.00391934,0.03115424,0.04803150
OBJ,1959,0.00391708,0.03113834,0.04803150
OBJ,1960,0.00391522,0.03112245,0.04803150
OBJ,1961,0.00391398,0.03110658,0.04803150
OBJ,1962,0.00390211,0.03109072,0.04803150
OBJ,1963,0.00390145,0.03107489,0.04803150
OBJ,1964,0.00389408,0.03105906,0.04803150
OBJ,1965,0.00388876,0.03104326,0.04803150
OBJ,1966,0.00388252,0.03102747,0.04803150
OBJ,1967,0.00387459,0.03101169,0.04803150
OBJ,1968,0.00387287,0.03099593,0.04803150
OBJ,1969,0.00386947,0.03098019,0.04803150
OBJ,1970,0.00386592,0.03096447,0.04803150
OBJ,1971,0.00386050,0.03094876,0.04803150
OBJ,1972,0.00385739,0.03093306,0.04803150
OBJ,1973,0.00385290,0.03142423,0.04881890
OBJ,1974,0.00385124,0.03140831,0.04881890
OBJ,1975,0.00384935,0.03139241,0.04881890
OBJ,1976,0.00384013,0.03137652,0.04881890
OBJ,1977,0.00382456,0.03136065,0.04881890
OBJ,1978,0.00381504,0.03134479,0.04881890
OBJ,1979,0.00381333,0.03132895,0.04881890
OBJ,1980,0.00380899,0.03131313,0.04881890
OBJ,1981,0.00380720,0.03129732,0.04881890
OBJ,1982,0.00380534,0.03128153,0.04881890
OBJ,1983,0.00380484,0.03126576,0.04881890
OBJ,1984,0.00379882,0.03125000,0.04881890
OBJ,1985,0.00379499,0.03123426,0.04881890
OBJ,1986,0.00379157,0.03121853,0.04881890
OBJ,1987,0.00378509,0.03120282,0.04881890
OBJ,1988,0.00378064,0.03118712,0.04881890
OBJ,1989,0.00377786,0.03117144,0.04881890
OBJ,1990,0.00377602,0.03115578,0.04881890
OBJ,1991,0.00377453,0.03114013,0.04881890
OBJ,1992,0.00376913,0.03112450,0.04881890
OBJ,1993,0.00376632,0.03161064,0.04960630
OBJ,1994,0.00376478,0.03159478,0.04960630
OBJ,1995,0.00376367,0.03208020,0.05039370
OBJ,1996,0.00376106,0.03206413,0.05039370
OBJ,1997,0.00375951,0.03204807,0.05039370
OBJ,1998,0.00375648,0.03203203,0.05039370
OBJ,1999,0.00375234,0.03201601,0.05039370
OBJ,2000,0.00374994,0.03200000,0.05039370
OBJ,2001,0.00374618,0.03198401,0.05039370
OBJ,2002,0.00374473,0.03196803,0.05039370
OBJ,2003,0.00373979,0.03195207,0.05039370
OBJ,2004,0.00373549,0.03193613,0.05039370
OBJ,2005,0.00371617,0.03192020,0.05039370
OBJ,2006,0.00371567,0.03190429,0.05039370
OBJ,2007,0.00371497,0.03188839,0.05039370
OBJ,2008,0.00371453,0.03187251,0.05039370
OBJ,2009,0.00371452,0.03185665,0.05039370
OBJ,2010,0.00371295,0.03184080,0.05039370
OBJ,2011,0.00371284,0.03182496,0.05039370
OBJ,2012,0.00370739,0.03230616,0.05118110
OBJ,2013,0.00369142,0.03229011,0.05118110
OBJ,2014,0.00368321,0.03227408,0.05118110
OBJ,2015,0.00367035,0.03225806,0.05118110
OBJ,2016,0.00366801,0.03224206,0.05118110
OBJ,2017,0.00366472,0.03222608,0.05118110
OBJ,2018,0.00365921,0.03221011,0.05118110
OBJ,2019,0.00365874,0.03219416,0.05118110
OBJ,2020,0.00365410,0.03217822,0.05118110
OBJ,2021,0.00365289,0.03216230,0.05118110
OBJ,2022,0.00362865,0.03214639,0.05118110
OBJ,2023,0.00362748,0.03213050,0.05118110
OBJ,2024,0.00362115,0.03211462,0.05118110
OBJ,2025,0.00361917,0.03209877,0.05118110
OBJ,2026,0.00361329,0.03208292,0.05118110
OBJ,2027,0.00360839,0.03206709,0.05118110
OBJ,2028,0.00360704,0.03205128,0.05118110
OBJ,2029,0.00360614,0.03203549,0.05118110
OBJ,2030,0.00360537,0.03251232,0.05196850
OBJ,2031,0.00360361,0.03249631,0.05196850
OBJ,2032,0.00359693,0.03297244,0.05275591
OBJ,2033,0.00359543,0.03295622,0.05275591
OBJ,2034,0.00359104,0.03294002,0.05275591
OBJ,2035,0.00358882,0.03292383,0.05275591
OBJ,2036,0.00358710,0.03290766,0.05275591
OBJ,2037,0.00358500,0.03289151,0.05275591
OBJ,2038,0.00357506,0.03287537,0.05275591
OBJ,2039,0.00356108,0.03285924,0.05275591
OBJ,2040,0.00355891,0.03284314,0.05275591
OBJ,2041,0.00355732,0.03282705,0.05275591
OBJ,2042,0.00355233,0.03281097,0.05275591
OBJ,2043,0.00354991,0.03279491,0.05275591
OBJ,2044,0.00354900,0.03277886,0.05275591
OBJ,2045,0.00354337,0.03276284,0.05275591
OBJ,2046,0.00354124,0.03274682,0.05275591
OBJ,2047,0.00353947,0.03273083,0.05275591
OBJ,2048,0.00353803,0.03271484,0.05275591
OBJ,2049,0.00353456,0.03269888,0.05275591
OBJ,2050,0.00352419,0.03268293,0.05275591
OBJ,2051,0.00352333,0.03266699,0.05275591
OBJ,2052,0.00352320,0.03265107,0.05275591
OBJ,2053,0.00350898,0.03263517,0.05275591
OBJ,2054,0.00350727,0.03261928,0.05275591
OBJ,2055,0.00350344,0.03260341,0.05275591
OBJ,2056,0.00349773,0.03258755,0.05275591
OBJ,2057,0.00349640,0.03257171,0.05275591
OBJ,2058,0.00348780,0.03255588,0.05275591
OBJ,2059,0.00348510,0.03254007,0.05275591
OBJ,2060,0.00348494,0.03252427,0.05275591
OBJ,2061,0.00348467,0.03250849,0.05275591
OBJ,2062,0.00347936,0.03249273,0.05275591
OBJ,2063,0.00347378,0.03247698,0.05275591
OBJ,2064,0.00346974,0.03246124,0.05275591
OBJ,2065,0.00346963,0.03244552,0.05275591
OBJ,2066,0.00346830,0.03242982,0.05275591
OBJ,2067,0.00346605,0.03241413,0.05275591
OBJ,2068,0.00346581,0.03239845,0.05275591
OBJ,2069,0.00346178,0.03238279,0.05275591
OBJ,2070,0.00345486,0.03236715,0.05275591
OBJ,2071,0.00344946,0.03235152,0.05275591
OBJ,2072,0.00344802,0.03233591,0.05275591
OBJ,2073,0.00344792,0.03232031,0.05275591
OBJ,2074,0.00343974,0.03230473,0.05275591
OBJ,2075,0.00343736,0.03228916,0.05275591
OBJ,2076,0.00343185,0.03227360,0.05275591
OBJ,2077,0.00342754,0.03225806,0.05275591
OBJ,2078,0.00341915,0.03272377,0.05354331
OBJ,2079,0.00341757,0.03270803,0.05354331
OBJ,2080,0.00341196,0.03269231,0.05354331
OBJ,2081,0.00340973,0.03267660,0.05354331
OBJ,2082,0.00340470,0.03266090,0.05354331
OBJ,2083,0.00339932,0.03312530,0.05433071
OBJ,2084,0.00339708,0.03310940,0.05433071
OBJ,2085,0.00339152,0.03309353,0.05433071
OBJ,2086,0.00338108,0.03307766,0.05433071
OBJ,2087,0.00337585,0.03306181,0.05433071
OBJ,2088,0.00337547,0.03352490,0.05511811
OBJ,2089,0.00336909,0.03350886,0.05511811
OBJ,2090,0.00336839,0.03349282,0.05511811
OBJ,2091,0.00336275,0.03347681,0.05511811
OBJ,2092,0.00336079,0.03346080,0.05511811
OBJ,2093,0.00336064,0.03344482,0.05511811
OBJ,2094,0.00335996,0.03342884,0.05511811
OBJ,2095,0.00335828,0.03341289,0.05511811
OBJ,2096,0.00335563,0.03339695,0.05511811
OBJ,2097,0.00335317,0.03338102,0.05511811
OBJ,2098,0.00335299,0.03336511,0.05511811
OBJ,2099,0.00335149,0.03334921,0.05511811
OBJ,2100,0.00334555,0.03333333,0.05511811
OBJ,2101,0.00334502,0.03331747,0.05511811
OBJ,2102,0.00334097,0.03330162,0.05511811
OBJ,2103,0.00333553,0.03328578,0.05511811
OBJ,2104,0.00333422,0.03326996,0.05511811
OBJ,2105,0.00333409,0.03325416,0.05511811
OBJ,2106,0.00333298,0.03323837,0.05511811
OBJ,2107,0.00333067,0.03322259,0.05511811
OBJ,2108,0.00332992,0.03320683,0.05511811
OBJ,2109,0.00332957,0.03319109,0.05511811
OBJ,2110,0.00332662,0.03317536,0.05511811
OBJ,2111,0.00332467,0.03315964,0.05511811
OBJ,2112,0.00332366,0.03314394,0.05511811
OBJ,2113,0.00332081,0.03312825,0.05511811
OBJ,2114,0.00331951,0.03311258,0.05511811
OBJ,2115,0.00331527,0.03309693,0.05511811
OBJ,2116,0.00330945,0.03308129,0.05511811
OBJ,2117,0.00330602,0.03306566,0.05511811
OBJ,2118,0.00329944,0.03305005,0.05511811
OBJ,2119,0.00329133,0.03303445,0.05511811
OBJ,2120,0.00329084,0.03301887,0.05511811
OBJ,2121,0.00328618,0.03300330,0.05511811
OBJ,2122,0.00328237,0.03298775,0.05511811
OBJ,2123,0.00328208,0.03297221,0.05511811
OBJ,2124,0.00327705,0.03295669,0.05511811
OBJ,2125,0.00327688,0.03294118,0.05511811
OBJ,2126,0.00327559,0.03292568,0.05511811
OBJ,2127,0.00327556,0.03291020,0.05511811
OBJ,2128,0.00327474,0.03289474,0.05511811
OBJ,2129,0.00327365,0.03287929,0.05511811
OBJ,2130,0.00327018,0.03286385,0.05511811
OBJ,2131,0.00326404,0.03331769,0.05590551
OBJ,2132,0.00326398,0.03330206,0.05590551
OBJ,2133,0.00326376,0.03328645,0.05590551
OBJ,2134,0.00326204,0.03327085,0.05590551
OBJ,2135,0.00325663,0.03325527,0.05590551
OBJ,2136,0.00323515,0.03323970,0.05590551
OBJ,2137,0.00323321,0.03322415,0.05590551
OBJ,2138,0.00322908,0.03320861,0.05590551
OBJ,2139,0.00322774,0.03319308,0.05590551
OBJ,2140,0.00322750,0.03317757,0.05590551
OBJ,2141,0.00322645,0.03316207,0.05590551
OBJ,2142,0.00321572,0.03314659,0.05590551
OBJ,2143,0.00321347,0.03313112,0.05590551
OBJ,2144,0.00321155,0.03311567,0.05590551
OBJ,2145,0.00320904,0.03310023,0.05590551
OBJ,2146,0.00320731,0.03308481,0.05590551
OBJ,2147,0.00320480,0.03306940,0.05590551
OBJ,2148,0.00320170,0.03305400,0.05590551
OBJ,2149,0.00320019,0.03303862,0.05590551
OBJ,2150,0.00319966,0.03302326,0.05590551
OBJ,2151,0.00319625,0.03300790,0.05590551
OBJ,2152,0.00319617,0.03299257,0.05590551
OBJ,2153,0.00318610,0.03297724,0.05590551
OBJ,2154,0.00318517,0.03296193,0.05590551
OBJ,2155,0.00318458,0.03294664,0.05590551
OBJ,2156,0.00317853,0.03293135,0.05590551
OBJ,2157,0.00317720,0.03291609,0.05590551
OBJ,2158,0.00317627,0.03290083,0.05590551
OBJ,2159,0.00317304,0.03288560,0.05590551
OBJ,2160,0.00317281,0.03287037,0.05590551
OBJ,2161,0.00317258,0.03285516,0.05590551
OBJ,2162,0.00316484,0.03283996,0.05590551
OBJ,2163,0.00315472,0.03282478,0.05590551
OBJ,2164,0.00315123,0.03280961,0.05590551
OBJ,2165,0.00314987,0.03279446,0.05590551
OBJ,2166,0.00314945,0.03277932,0.05590551
OBJ,2167,0.00314788,0.03276419,0.05590551
OBJ,2168,0.00314442,0.03274908,0.05590551
OBJ,2169,0.00314436,0.03273398,0.05590551
OBJ,2170,0.00313617,0.03271889,0.05590551
OBJ,2171,0.00313592,0.03270382,0.05590551
OBJ,2172,0.00313416,0.03268877,0.05590551
OBJ,2173,0.00313279,0.03267372,0.05590551
OBJ,2174,0.00313215,0.03265869,0.05590551
OBJ,2175,0.00312751,0.03264368,0.05590551
OBJ,2176,0.00312578,0.03262868,0.05590551
OBJ,2177,0.00311867,0.03261369,0.05590551
OBJ,2178,0.00311351,0.03259871,0.05590551
OBJ,2179,0.00311305,0.03304268,0.05669291
OBJ,2180,0.00311231,0.03302752,0.05669291
OBJ,2181,0.00311193,0.03301238,0.05669291
OBJ,2182,0.00310800,0.03299725,0.05669291
OBJ,2183,0.00310714,0.03298213,0.05669291
OBJ,2184,0.00310484,0.03296703,0.05669291
OBJ,2185,0.00310028,0.03295195,0.05669291
OBJ,2186,0.00309771,0.03293687,0.05669291
OBJ,2187,0.00309462,0.03292181,0.05669291
OBJ,2188,0.00309191,0.03336380,0.05748031
OBJ,2189,0.00308958,0.03334856,0.05748031
OBJ,2190,0.00308292,0.03333333,0.05748031
OBJ,2191,0.00308278,0.03377453,0.05826772
OBJ,2192,0.00308067,0.03375912,0.05826772
OBJ,2193,0.00307930,0.03374373,0.05826772
OBJ,2194,0.00307692,0.03372835,0.05826772
OBJ,2195,0.00307058,0.03371298,0.05826772
OBJ,2196,0.00306552,0.03369763,0.05826772
OBJ,2197,0.00306495,0.03368229,0.05826772
OBJ,2198,0.00305898,0.03366697,0.05826772
OBJ,2199,0.00304679,0.03365166,0.05826772
OBJ,2200,0.00304648,0.03363636,0.05826772
OBJ,2201,0.00304322,0.03362108,0.05826772
OBJ,2202,0.00304214,0.03405995,0.05905512
OBJ,2203,0.00304198,0.03404448,0.05905512
OBJ,2204,0.00303252,0.03402904,0.05905512
OBJ,2205,0.00303144,0.03401361,0.05905512
OBJ,2206,0.00303046,0.03399819,0.05905512
OBJ,2207,0.00302878,0.03398278,0.05905512
OBJ,2208,0.00302678,0.03396739,0.05905512
OBJ,2209,0.00302589,0.03395201,0.05905512
OBJ,2210,0.00302422,0.03393665,0.05905512
OBJ,2211,0.00301167,0.03392130,0.05905512
OBJ,2212,0.00301149,0.03390597,0.05905512
OBJ,2213,0.00301133,0.03389065,0.05905512
OBJ,2214,0.00300913,0.03387534,0.05905512
OBJ,2215,0.00299894,0.03386005,0.05905512
OBJ,2216,0.00299765,0.03384477,0.05905512
OBJ,2217,0.00299557,0.03382950,0.05905512
OBJ,2218,0.00299264,0.03381425,0.05905512
OBJ,2219,0.00299164,0.03379901,0.05905512
OBJ,2220,0.00298627,0.03378378,0.05905512
OBJ,2221,0.00298428,0.03376857,0.05905512
OBJ,2222,0.00297721,0.03375338,0.05905512
OBJ,2223,0.00297687,0.03373819,0.05905512
OBJ,2224,0.00297534,0.03372302,0.05905512
OBJ,2225,0.00297471,0.03370787,0.05905512
OBJ,2226,0.00297403,0.03369272,0.05905512
OBJ,2227,0.00297224,0.03367759,0.05905512
OBJ,2228,0.00296902,0.03366248,0.05905512
OBJ,2229,0.00296586,0.03364738,0.05905512
OBJ,2230,0.00296458,0.03363229,0.05905512
OBJ,2231,0.00296375,0.03361721,0.05905512
OBJ,2232,0.00296368,0.03360215,0.05905512
OBJ,2233,0.00295691,0.03358710,0.05905512
OBJ,2234,0.00295499,0.03357207,0.05905512
OBJ,2235,0.00295385,0.03355705,0.05905512
OBJ,2236,0.00295112,0.03354204,0.05905512
OBJ,2237,0.00295067,0.03397407,0.05984252
OBJ,2238,0.00295067,0.03395889,0.05984252
OBJ,2239,0.00294784,0.03394372,0.05984252
OBJ,2240,0.00294687,0.03392857,0.05984252
OBJ,2241,0.00294668,0.03391343,0.05984252
OBJ,2242,0.00294306,0.03389831,0.05984252
OBJ,2243,0.00294048,0.03388319,0.05984252
OBJ,2244,0.00294034,0.03386809,0.05984252
OBJ,2245,0.00293841,0.03385301,0.05984252
OBJ,2246,0.00293657,0.03383793,0.05984252
OBJ,2247,0.00293307,0.03382287,0.05984252
OBJ,2248,0.00293288,0.03380783,0.05984252
OBJ,2249,0.00293002,0.03379280,0.05984252
OBJ,2250,0.00292429,0.03377778,0.05984252
OBJ,2251,0.00292230,0.03376277,0.05984252
OBJ,2252,0.00291636,0.03419183,0.06062992
OBJ,2253,0.00291456,0.03417665,0.06062992
OBJ,2254,0.00291091,0.03416149,0.06062992
OBJ,2255,0.00289840,0.03414634,0.06062992
OBJ,2256,0.00289747,0.03413121,0.06062992
OBJ,2257,0.00289575,0.03411608,0.06062992
OBJ,2258,0.00289540,0.03410097,0.06062992
OBJ,2259,0.00289498,0.03408588,0.06062992
OBJ,2260,0.00289444,0.03451327,0.06141732
OBJ,2261,0.00289121,0.03449801,0.06141732
OBJ,2262,0.00288950,0.03448276,0.06141732
OBJ,2263,0.00288037,0.03490941,0.06220472
OBJ,2264,0.00287916,0.03489399,0.06220472
OBJ,2265,0.00287875,0.03487859,0.06220472
OBJ,2266,0.00287682,0.03486320,0.06220472
OBJ,2267,0.00287376,0.03484782,0.06220472
OBJ,2268,0.00286518,0.03483245,0.06220472
OBJ,2269,0.00286441,0.03481710,0.06220472
OBJ,2270,0.00286333,0.03480176,0.06220472
OBJ,2271,0.00286166,0.03478644,0.06220472
OBJ,2272,0.00286072,0.03477113,0.06220472
OBJ,2273,0.00285969,0.03475583,0.06220472
OBJ,2274,0.00285894,0.03474055,0.06220472
OBJ,2275,0.00285060,0.03472527,0.06220472
OBJ,2276,0.00285020,0.03471002,0.06220472
OBJ,2277,0.00284878,0.03469477,0.06220472
OBJ,2278,0.00284506,0.03467954,0.06220472
OBJ,2279,0.00283936,0.03466433,0.06220472
OBJ,2280,0.00283685,0.03464912,0.06220472
OBJ,2281,0.00283290,0.03463393,0.06220472
OBJ,2282,0.00282811,0.03461876,0.06220472
OBJ,2283,0.00281645,0.03460359,0.06220472
OBJ,2284,0.00281558,0.03458844,0.06220472
OBJ,2285,0.00281087,0.03457330,0.06220472
OBJ,2286,0.00280127,0.03455818,0.06220472
OBJ,2287,0.00279897,0.03454307,0.06220472
OBJ,2288,0.00279721,0.03452797,0.06220472
OBJ,2289,0.00279449,0.03451289,0.06220472
OBJ,2290,0.00279423,0.03449782,0.06220472
OBJ,2291,0.00279150,0.03491925,0.06299213
OBJ,2292,0.00279117,0.03490401,0.06299213
OBJ,2293,0.00278234,0.03488879,0.06299213
OBJ,2294,0.00278170,0.03487358,0.06299213
OBJ,2295,0.00278029,0.03485839,0.06299213
OBJ,2296,0.00277950,0.03484321,0.06299213
OBJ,2297,0.00277498,0.03482804,0.06299213
OBJ,2298,0.00276441,0.03481288,0.06299213
OBJ,2299,0.00276327,0.03479774,0.06299213
OBJ,2300,0.00276261,0.03478261,0.06299213
OBJ,2301,0.00276210,0.03476749,0.06299213
OBJ,2302,0.00276053,0.03475239,0.06299213
OBJ,2303,0.00275993,0.03473730,0.06299213
OBJ,2304,0.00275798,0.03472222,0.06299213
OBJ,2305,0.00275447,0.03470716,0.06299213
OBJ,2306,0.00275114,0.03469211,0.06299213
OBJ,2307,0.00274968,0.03467707,0.06299213
OBJ,2308,0.00274729,0.03466205,0.06299213
OBJ,2309,0.00274682,0.03508012,0.06377953
OBJ,2310,0.00274483,0.03506494,0.06377953
OBJ,2311,0.00274238,0.03504976,0.06377953
OBJ,2312,0.00274198,0.03503460,0.06377953
OBJ,2313,0.00274192,0.03501946,0.06377953
OBJ,2314,0.00274160,0.03500432,0.06377953
OBJ,2315,0.00273986,0.03498920,0.06377953
OBJ,2316,0.00273106,0.03497409,0.06377953
OBJ,2317,0.00272962,0.03495900,0.06377953
OBJ,2318,0.00272949,0.03494392,0.06377953
OBJ,2319,0.00272478,0.03492885,0.06377953
OBJ,2320,0.00272173,0.03491379,0.06377953
OBJ,2321,0.00271934,0.03489875,0.06377953
OBJ,2322,0.00271894,0.03488372,0.06377953
OBJ,2323,0.00271647,0.03486870,0.06377953
OBJ,2324,0.00271623,0.03485370,0.06377953
OBJ,2325,0.00271008,0.03483871,0.06377953
OBJ,2326,0.00270926,0.03482373,0.06377953
OBJ,2327,0.00270668,0.03480877,0.06377953
OBJ,2328,0.00270451,0.03479381,0.06377953
OBJ,2329,0.00270346,0.03477888,0.06377953
OBJ,2330,0.00270195,0.03476395,0.06377953
OBJ,2331,0.00269912,0.03474903,0.06377953
OBJ,2332,0.00269855,0.03473413,0.06377953
OBJ,2333,0.00269708,0.03471925,0.06377953
OBJ,2334,0.00269586,0.03470437,0.06377953
OBJ,2335,0.00269470,0.03468951,0.06377953
OBJ,2336,0.00269276,0.03467466,0.06377953
OBJ,2337,0.00269274,0.03465982,0.06377953
OBJ,2338,0.00269219,0.03464500,0.06377953
OBJ,2339,0.00269066,0.03463018,0.06377953
OBJ,2340,0.00268691,0.03461538,0.06377953
OBJ,2341,0.00268585,0.03460060,0.06377953
OBJ,2342,0.00268020,0.03458582,0.06377953
OBJ,2343,0.00267974,0.03457106,0.06377953
OBJ,2344,0.00267529,0.03455631,0.06377953
OBJ,2345,0.00267141,0.03454158,0.06377953
OBJ,2346,0.00266828,0.03495311,0.06456693
OBJ,2347,0.00266682,0.03493822,0.06456693
OBJ,2348,0.00266000,0.03492334,0.06456693
OBJ,2349,0.00266000,0.03490847,0.06456693
OBJ,2350,0.00265550,0.03489362,0.06456693
OBJ,2351,0.00265304,0.03487877,0.06456693
OBJ,2352,0.00264860,0.03486395,0.06456693
OBJ,2353,0.00264468,0.03484913,0.06456693
OBJ,2354,0.00264426,0.03483432,0.06456693
OBJ,2355,0.00264077,0.03481953,0.06456693
OBJ,2356,0.00263487,0.03480475,0.06456693
OBJ,2357,0.00263456,0.03478999,0.06456693
OBJ,2358,0.00263377,0.03477523,0.06456693
OBJ,2359,0.00263254,0.03476049,0.06456693
OBJ,2360,0.00263222,0.03474576,0.06456693
OBJ,2361,0.00263166,0.03473105,0.06456693
OBJ,2362,0.00262925,0.03471634,0.06456693
OBJ,2363,0.00262895,0.03470165,0.06456693
OBJ,2364,0.00261897,0.03468697,0.06456693
OBJ,2365,0.00261363,0.03467230,0.06456693
OBJ,2366,0.00261302,0.03465765,0.06456693
OBJ,2367,0.00261184,0.03464301,0.06456693
OBJ,2368,0.00261155,0.03462838,0.06456693
OBJ,2369,0.00260251,0.03461376,0.06456693
OBJ,2370,0.00260147,0.03459916,0.06456693
OBJ,2371,0.00259894,0.03458456,0.06456693
OBJ,2372,0.00259706,0.03499157,0.06535433
OBJ,2373,0.00259038,0.03497682,0.06535433
OBJ,2374,0.00258958,0.03496209,0.06535433
OBJ,2375,0.00258913,0.03494737,0.06535433
OBJ,2376,0.00258703,0.03493266,0.06535433
OBJ,2377,0.00258577,0.03491796,0.06535433
OBJ,2378,0.00258229,0.03490328,0.06535433
OBJ,2379,0.00257508,0.03488861,0.06535433
OBJ,2380,0.00257444,0.03487395,0.06535433
OBJ,2381,0.00257409,0.03485930,0.06535433
OBJ,2382,0.00256996,0.03484467,0.06535433
OBJ,2383,0.00256844,0.03524969,0.06614173
OBJ,2384,0.00256811,0.03523490,0.06614173
OBJ,2385,0.00256512,0.03522013,0.06614173
OBJ,2386,0.00256371,0.03520536,0.06614173
OBJ,2387,0.00256173,0.03519062,0.06614173
OBJ,2388,0.00255275,0.03517588,0.06614173
OBJ,2389,0.00255084,0.03516116,0.06614173
OBJ,2390,0.00255032,0.03514644,0.06614173
OBJ,2391,0.00254980,0.03513174,0.06614173
OBJ,2392,0.00254455,0.03553512,0.06692913
OBJ,2393,0.00254371,0.03552027,0.06692913
OBJ,2394,0.00254176,0.03550543,0.06692913
OBJ,2395,0.00254117,0.03549061,0.06692913
OBJ,2396,0.00254088,0.03547579,0.06692913
OBJ,2397,0.00254034,0.03546099,0.06692913
OBJ,2398,0.00254013,0.03544621,0.06692913
OBJ,2399,0.00253882,0.03543143,0.06692913
OBJ,2400,0.00253818,0.03541667,0.06692913
OBJ,2401,0.00253757,0.03540192,0.06692913
OBJ,2402,0.00253719,0.03580350,0.06771654
OBJ,2403,0.00253678,0.03578860,0.06771654
OBJ,2404,0.00253636,0.03577371,0.06771654
OBJ,2405,0.00253460,0.03575884,0.06771654
OBJ,2406,0.00253399,0.03574397,0.06771654
OBJ,2407,0.00252715,0.03572912,0.06771654
OBJ,2408,0.00252640,0.03571429,0.06771654
OBJ,2409,0.00252327,0.03569946,0.06771654
OBJ,2410,0.00252194,0.03568465,0.06771654
OBJ,2411,0.00251890,0.03566985,0.06771654
OBJ,2412,0.00251797,0.03565506,0.06771654
OBJ,2413,0.00251592,0.03564028,0.06771654
OBJ,2414,0.00251489,0.03562552,0.06771654
OBJ,2415,0.00251438,0.03561077,0.06771654
OBJ,2416,0.00251334,0.03559603,0.06771654
OBJ,2417,0.00250636,0.03558130,0.06771654
OBJ,2418,0.00250401,0.03556658,0.06771654
OBJ,2419,0.00250390,0.03555188,0.06771654
OBJ,2420,0.00250378,0.03595041,0.06850394
OBJ,2421,0.00249837,0.03634862,0.06929134
OBJ,2422,0.00249819,0.03633361,0.06929134
OBJ,2423,0.00249776,0.03631861,0.06929134
OBJ,2424,0.00249573,0.03630363,0.06929134
OBJ,2425,0.00249485,0.03628866,0.06929134
OBJ,2426,0.00248953,0.03627370,0.06929134
OBJ,2427,0.00248847,0.03625876,0.06929134
OBJ,2428,0.00248671,0.03624382,0.06929134
OBJ,2429,0.00248668,0.03622890,0.06929134
OBJ,2430,0.00248523,0.03621399,0.06929134
OBJ,2431,0.00248427,0.03619910,0.06929134
OBJ,2432,0.00248145,0.03618421,0.06929134
OBJ,2433,0.00248006,0.03616934,0.06929134
OBJ,2434,0.00247883,0.03615448,0.06929134
OBJ,2435,0.00247779,0.03613963,0.06929134
OBJ,2436,0.00247765,0.03612479,0.06929134
OBJ,2437,0.00247734,0.03610997,0.06929134
OBJ,2438,0.00247529,0.03609516,0.06929134
OBJ,2439,0.00247041,0.03608036,0.06929134
OBJ,2440,0.00246958,0.03647541,0.07007874
OBJ,2441,0.00246819,0.03646047,0.07007874
OBJ,2442,0.00246773,0.03644554,0.07007874
OBJ,2443,0.00246750,0.03643062,0.07007874
OBJ,2444,0.00246728,0.03641571,0.07007874
OBJ,2445,0.00246404,0.03640082,0.07007874
OBJ,2446,0.00246389,0.03638594,0.07007874
OBJ,2447,0.00246339,0.03637107,0.07007874
OBJ,2448,0.00246336,0.03635621,0.07007874
OBJ,2449,0.00245531,0.03634136,0.07007874
OBJ,2450,0.00245323,0.03632653,0.07007874
OBJ,2451,0.00245160,0.03631171,0.07007874
OBJ,2452,0.00244949,0.03629690,0.07007874
OBJ,2453,0.00244691,0.03668977,0.07086614
OBJ,2454,0.00244588,0.03667482,0.07086614
OBJ,2455,0.00244484,0.03665988,0.07086614
OBJ,2456,0.00244401,0.03664495,0.07086614
OBJ,2457,0.00244159,0.03663004,0.07086614
OBJ,2458,0.00243806,0.03661513,0.07086614
OBJ,2459,0.00243416,0.03660024,0.07086614
OBJ,2460,0.00243094,0.03658537,0.07086614
OBJ,2461,0.00242936,0.03697684,0.07165354
OBJ,2462,0.00242908,0.03696182,0.07165354
OBJ,2463,0.00242334,0.03694681,0.07165354
OBJ,2464,0.00242248,0.03693182,0.07165354
OBJ,2465,0.00242209,0.03691684,0.07165354
OBJ,2466,0.00242179,0.03690187,0.07165354
OBJ,2467,0.00241973,0.03688691,0.07165354
OBJ,2468,0.00241561,0.03687196,0.07165354
OBJ,2469,0.00241319,0.03685703,0.07165354
OBJ,2470,0.00241092,0.03684211,0.07165354
OBJ,2471,0.00241020,0.03682720,0.07165354
OBJ,2472,0.00240904,0.03681230,0.07165354
OBJ,2473,0.00240694,0.03679741,0.07165354
OBJ,2474,0.00240627,0.03678254,0.07165354
OBJ,2475,0.00240244,0.03676768,0.07165354
OBJ,2476,0.00240009,0.03675283,0.07165354
OBJ,2477,0.00239166,0.03673799,0.07165354
OBJ,2478,0.00239137,0.03672316,0.07165354
OBJ,2479,0.00238878,0.03670835,0.07165354
OBJ,2480,0.00238708,0.03669355,0.07165354
OBJ,2481,0.00238654,0.03667876,0.07165354
OBJ,2482,0.00238498,0.03666398,0.07165354
OBJ,2483,0.00238078,0.03664921,0.07165354
OBJ,2484,0.00238022,0.03663446,0.07165354
OBJ,2485,0.00237812,0.03661972,0.07165354
OBJ,2486,0.00237803,0.03660499,0.07165354
OBJ,2487,0.00237724,0.03659027,0.07165354
OBJ,2488,0.00237632,0.03657556,0.07165354
OBJ,2489,0.00237596,0.03656087,0.07165354
OBJ,2490,0.00237514,0.03654618,0.07165354
OBJ,2491,0.00237094,0.03653151,0.07165354
OBJ,2492,0.00237022,0.03651685,0.07165354
OBJ,2493,0.00236825,0.03650221,0.07165354
OBJ,2494,0.00236255,0.03648757,0.07165354
OBJ,2495,0.00235420,0.03647295,0.07165354
OBJ,2496,0.00235221,0.03645833,0.07165354
OBJ,2497,0.00235149,0.03644373,0.07165354
OBJ,2498,0.00235004,0.03642914,0.07165354
OBJ,2499,0.00234701,0.03641457,0.07165354
OBJ,2500,0.00234441,0.03640000,0.07165354
OBJ,2501,0.00234398,0.03638545,0.07165354
OBJ,2502,0.00234332,0.03637090,0.07165354
OBJ,2503,0.00234008,0.03635637,0.07165354
OBJ,2504,0.00233729,0.03634185,0.07165354
OBJ,2505,0.00232935,0.03632735,0.07165354
OBJ,2506,0.00232668,0.03631285,0.07165354
OBJ,2507,0.00232593,0.03629836,0.07165354
OBJ,2508,0.00232182,0.03628389,0.07165354
OBJ,2509,0.00232038,0.03626943,0.07165354
OBJ,2510,0.00232007,0.03625498,0.07165354
OBJ,2511,0.00231999,0.03624054,0.07165354
OBJ,2512,0.00231497,0.03622611,0.07165354
OBJ,2513,0.00231352,0.03621170,0.07165354
OBJ,2514,0.00231188,0.03619730,0.07165354
OBJ,2515,0.00231177,0.03618290,0.07165354
OBJ,2516,0.00231079,0.03616852,0.07165354
OBJ,2517,0.00230872,0.03615415,0.07165354
OBJ,2518,0.00230541,0.03613979,0.07165354
OBJ,2519,0.00230324,0.03612545,0.07165354
OBJ,2520,0.00230220,0.03611111,0.07165354
OBJ,2521,0.00230081,0.03609679,0.07165354
OBJ,2522,0.00229680,0.03608247,0.07165354
OBJ,2523,0.00229051,0.03606817,0.07165354
OBJ,2524,0.00229012,0.03605388,0.07165354
OBJ,2525,0.00228412,0.03643564,0.07244094
OBJ,2526,0.00228398,0.03642122,0.07244094
OBJ,2527,0.00228044,0.03640681,0.07244094
OBJ,2528,0.00227423,0.03639241,0.07244094
OBJ,2529,0.00227365,0.03637802,0.07244094
OBJ,2530,0.00227306,0.03636364,0.07244094
OBJ,2531,0.00227189,0.03634927,0.07244094
OBJ,2532,0.00226940,0.03633491,0.07244094
OBJ,2533,0.00226784,0.03632057,0.07244094
OBJ,2534,0.00226784,0.03630624,0.07244094
OBJ,2535,0.00226753,0.03629191,0.07244094
OBJ,2536,0.00226113,0.03627760,0.07244094
OBJ,2537,0.00226010,0.03626330,0.07244094
OBJ,2538,0.00225832,0.03624901,0.07244094
OBJ,2539,0.00225785,0.03623474,0.07244094
OBJ,2540,0.00225684,0.03622047,0.07244094
OBJ,2541,0.00225478,0.03620622,0.07244094
OBJ,2542,0.00225386,0.03619197,0.07244094
OBJ,2543,0.00225270,0.03617774,0.07244094
OBJ,2544,0.00224945,0.03616352,0.07244094
OBJ,2545,0.00224932,0.03614931,0.07244094
OBJ,2546,0.00224704,0.03613511,0.07244094
OBJ,2547,0.00224311,0.03612093,0.07244094
OBJ,2548,0.00224178,0.03610675,0.07244094
OBJ,2549,0.00224146,0.03609259,0.07244094
OBJ,2550,0.00223907,0.03607843,0.07244094
OBJ,2551,0.00223800,0.03606429,0.07244094
OBJ,2552,0.00223715,0.03605016,0.07244094
OBJ,2553,0.00223151,0.03603604,0.07244094
OBJ,2554,0.00222853,0.03602193,0.07244094
OBJ,2555,0.00222482,0.03600783,0.07244094
OBJ,2556,0.00222209,0.03599374,0.07244094
OBJ,2557,0.00221574,0.03597966,0.07244094
OBJ,2558,0.00221354,0.03596560,0.07244094
OBJ,2559,0.00221087,0.03595154,0.07244094
OBJ,2560,0.00220892,0.03593750,0.07244094
OBJ,2561,0.00220832,0.03631394,0.07322835
OBJ,2562,0.00220727,0.03629977,0.07322835
OBJ,2563,0.00220442,0.03628560,0.07322835
OBJ,2564,0.00220151,0.03627145,0.07322835
OBJ,2565,0.00220103,0.03625731,0.07322835
OBJ,2566,0.00220094,0.03624318,0.07322835
OBJ,2567,0.00219112,0.03622906,0.07322835
OBJ,2568,0.00219003,0.03621495,0.07322835
OBJ,2569,0.00218630,0.03620086,0.07322835
OBJ,2570,0.00218451,0.03618677,0.07322835
OBJ,2571,0.00218129,0.03617270,0.07322835
OBJ,2572,0.00218105,0.03615863,0.07322835
OBJ,2573,0.00218075,0.03614458,0.07322835
OBJ,2574,0.00217867,0.03613054,0.07322835
OBJ,2575,0.00217609,0.03611650,0.07322835
OBJ,2576,0.00217554,0.03610248,0.07322835
OBJ,2577,0.00217533,0.03608847,0.07322835
OBJ,2578,0.00217170,0.03607448,0.07322835
OBJ,2579,0.00216556,0.03606049,0.07322835
OBJ,2580,0.00216521,0.03604651,0.07322835
OBJ,2581,0.00216340,0.03603255,0.07322835
OBJ,2582,0.00216289,0.03601859,0.07322835
OBJ,2583,0.00216090,0.03600465,0.07322835
OBJ,2584,0.00216059,0.03599071,0.07322835
OBJ,2585,0.00215975,0.03597679,0.07322835
OBJ,2586,0.00215533,0.03596288,0.07322835
OBJ,2587,0.00215415,0.03594898,0.07322835
OBJ,2588,0.00215260,0.03593509,0.07322835
OBJ,2589,0.00215198,0.03592121,0.07322835
OBJ,2590,0.00214930,0.03590734,0.07322835
OBJ,2591,0.00214899,0.03589348,0.07322835
OBJ,2592,0.00214862,0.03587963,0.07322835
OBJ,2593,0.00214348,0.03586579,0.07322835
OBJ,2594,0.00214347,0.03585197,0.07322835
OBJ,2595,0.00214301,0.03583815,0.07322835
OBJ,2596,0.00213675,0.03582435,0.07322835
OBJ,2597,0.00212907,0.03581055,0.07322835
OBJ,2598,0.00212831,0.03579677,0.07322835
OBJ,2599,0.00212433,0.03578299,0.07322835
OBJ,2600,0.00212383,0.03576923,0.07322835
OBJ,2601,0.00212061,0.03575548,0.07322835
OBJ,2602,0.00211881,0.03574174,0.07322835
OBJ,2603,0.00211549,0.03572801,0.07322835
OBJ,2604,0.00211116,0.03571429,0.07322835
OBJ,2605,0.00210336,0.03570058,0.07322835
OBJ,2606,0.00210327,0.03568688,0.07322835
OBJ,2607,0.00210276,0.03605677,0.07401575
OBJ,2608,0.00210187,0.03604294,0.07401575
OBJ,2609,0.00209972,0.03602913,0.07401575
OBJ,2610,0.00209367,0.03601533,0.07401575
OBJ,2611,0.00209278,0.03600153,0.07401575
OBJ,2612,0.00209108,0.03598775,0.07401575
OBJ,2613,0.00208993,0.03597398,0.07401575
OBJ,2614,0.00208756,0.03596021,0.07401575
OBJ,2615,0.00208512,0.03594646,0.07401575
OBJ,2616,0.00208289,0.03593272,0.07401575
OBJ,2617,0.00208227,0.03591899,0.07401575
OBJ,2618,0.00207917,0.03590527,0.07401575
OBJ,2619,0.00207905,0.03589156,0.07401575
OBJ,2620,0.00207748,0.03587786,0.07401575
OBJ,2621,0.00207214,0.03586417,0.07401575
OBJ,2622,0.00206515,0.03585050,0.07401575
OBJ,2623,0.00206459,0.03621807,0.07480315
OBJ,2624,0.00206053,0.03620427,0.07480315
OBJ,2625,0.00206021,0.03619048,0.07480315
OBJ,2626,0.00205849,0.03617669,0.07480315
OBJ,2627,0.00205822,0.03616292,0.07480315
OBJ,2628,0.00205592,0.03614916,0.07480315
OBJ,2629,0.00205550,0.03613541,0.07480315
OBJ,2630,0.00205479,0.03612167,0.07480315
OBJ,2631,0.00205407,0.03610794,0.07480315
OBJ,2632,0.00205217,0.03609422,0.07480315
OBJ,2633,0.00205191,0.03646031,0.07559055
OBJ,2634,0.00204953,0.03644647,0.07559055
OBJ,2635,0.00204760,0.03643264,0.07559055
OBJ,2636,0.00204748,0.03641882,0.07559055
OBJ,2637,0.00204536,0.03640501,0.07559055
OBJ,2638,0.00204383,0.03639121,0.07559055
OBJ,2639,0.00204348,0.03637742,0.07559055
OBJ,2640,0.00204234,0.03636364,0.07559055
OBJ,2641,0.00204220,0.03634987,0.07559055
OBJ,2642,0.00204157,0.03633611,0.07559055
OBJ,2643,0.00203755,0.03632236,0.07559055
OBJ,2644,0.00203695,0.03630862,0.07559055
OBJ,2645,0.00203345,0.03629490,0.07559055
OBJ,2646,0.00203028,0.03628118,0.07559055
OBJ,2647,0.00202890,0.03626747,0.07559055
OBJ,2648,0.00202728,0.03625378,0.07559055
OBJ,2649,0.00202700,0.03624009,0.07559055
OBJ,2650,0.00202662,0.03622642,0.07559055
OBJ,2651,0.00202154,0.03621275,0.07559055
OBJ,2652,0.00201991,0.03619910,0.07559055
OBJ,2653,0.00201728,0.03618545,0.07559055
OBJ,2654,0.00201296,0.03617182,0.07559055
OBJ,2655,0.00201020,0.03615819,0.07559055
OBJ,2656,0.00200755,0.03614458,0.07559055
OBJ,2657,0.00200647,0.03613097,0.07559055
OBJ,2658,0.00200590,0.03649360,0.07637795
OBJ,2659,0.00200203,0.03647988,0.07637795
OBJ,2660,0.00199662,0.03646617,0.07637795
OBJ,2661,0.00199655,0.03645246,0.07637795
OBJ,2662,0.00198815,0.03643877,0.07637795
OBJ,2663,0.00198768,0.03642508,0.07637795
OBJ,2664,0.00198624,0.03641141,0.07637795
OBJ,2665,0.00197954,0.03639775,0.07637795
OBJ,2666,0.00197918,0.03638410,0.07637795
OBJ,2667,0.00197245,0.03637045,0.07637795
OBJ,2668,0.00197100,0.03635682,0.07637795
OBJ,2669,0.00196749,0.03634320,0.07637795
OBJ,2670,0.00196402,0.03632959,0.07637795
OBJ,2671,0.00196223,0.03631599,0.07637795
OBJ,2672,0.00196205,0.03630240,0.07637795
OBJ,2673,0.00196178,0.03628881,0.07637795
OBJ,2674,0.00196110,0.03627524,0.07637795
OBJ,2675,0.00196031,0.03626168,0.07637795
OBJ,2676,0.00195972,0.03624813,0.07637795
OBJ,2677,0.00195918,0.03623459,0.07637795
OBJ,2678,0.00195686,0.03622106,0.07637795
OBJ,2679,0.00195679,0.03620754,0.07637795
OBJ,2680,0.00195636,0.03619403,0.07637795
OBJ,2681,0.00195512,0.03618053,0.07637795
OBJ,2682,0.00195439,0.03616704,0.07637795
OBJ,2683,0.00195367,0.03615356,0.07637795
OBJ,2684,0.00195251,0.03614009,0.07637795
OBJ,2685,0.00195212,0.03612663,0.07637795
OBJ,2686,0.00195178,0.03611318,0.07637795
OBJ,2687,0.00194831,0.03609974,0.07637795
OBJ,2688,0.00194595,0.03608631,0.07637795
OBJ,2689,0.00194439,0.03607289,0.07637795
OBJ,2690,0.00193872,0.03643123,0.07716535
OBJ,2691,0.00193869,0.03641769,0.07716535
OBJ,2692,0.00193863,0.03640416,0.07716535
OBJ,2693,0.00193820,0.03639064,0.07716535
OBJ,2694,0.00193604,0.03637713,0.07716535
OBJ,2695,0.00193355,0.03636364,0.07716535
OBJ,2696,0.00193336,0.03635015,0.07716535
OBJ,2697,0.00193329,0.03633667,0.07716535
OBJ,2698,0.00192734,0.03632320,0.07716535
OBJ,2699,0.00192679,0.03630974,0.07716535
OBJ,2700,0.00192588,0.03629630,0.07716535
OBJ,2701,0.00192530,0.03628286,0.07716535
OBJ,2702,0.00192342,0.03626943,0.07716535
OBJ,2703,0.00192169,0.03625601,0.07716535
OBJ,2704,0.00191804,0.03661243,0.07795276
OBJ,2705,0.00191523,0.03659889,0.07795276
OBJ,2706,0.00191486,0.03658537,0.07795276
OBJ,2707,0.00191475,0.03657185,0.07795276
OBJ,2708,0.00191169,0.03655835,0.07795276
OBJ,2709,0.00191138,0.03654485,0.07795276
OBJ,2710,0.00190819,0.03653137,0.07795276
OBJ,2711,0.00190705,0.03651789,0.07795276
OBJ,2712,0.00190212,0.03650442,0.07795276
OBJ,2713,0.00190027,0.03649097,0.07795276
OBJ,2714,0.00189998,0.03647752,0.07795276
OBJ,2715,0.00189944,0.03646409,0.07795276
OBJ,2716,0.00189482,0.03645066,0.07795276
OBJ,2717,0.00189348,0.03643725,0.07795276
OBJ,2718,0.00189215,0.03642384,0.07795276
OBJ,2719,0.00188953,0.03641045,0.07795276
OBJ,2720,0.00188889,0.03639706,0.07795276
OBJ,2721,0.00188646,0.03638368,0.07795276
OBJ,2722,0.00188372,0.03637032,0.07795276
OBJ,2723,0.00188003,0.03635696,0.07795276
OBJ,2724,0.00187989,0.03634361,0.07795276
OBJ,2725,0.00187935,0.03633028,0.07795276
OBJ,2726,0.00187669,0.03631695,0.07795276
OBJ,2727,0.00187560,0.03630363,0.07795276
OBJ,2728,0.00187350,0.03629032,0.07795276
OBJ,2729,0.00187295,0.03664346,0.07874016
OBJ,2730,0.00186641,0.03663004,0.07874016
OBJ,2731,0.00186485,0.03661662,0.07874016
OBJ,2732,0.00186474,0.03660322,0.07874016
OBJ,2733,0.00186299,0.03695573,0.07952756
OBJ,2734,0.00186138,0.03694221,0.07952756
OBJ,2735,0.00186107,0.03692870,0.07952756
OBJ,2736,0.00186041,0.03691520,0.07952756
OBJ,2737,0.00185826,0.03690172,0.07952756
OBJ,2738,0.00185705,0.03688824,0.07952756
OBJ,2739,0.00185517,0.03687477,0.07952756
OBJ,2740,0.00185471,0.03686131,0.07952756
OBJ,2741,0.00185380,0.03684787,0.07952756
OBJ,2742,0.00185307,0.03683443,0.07952756
OBJ,2743,0.00185122,0.03682100,0.07952756
OBJ,2744,0.00185106,0.03680758,0.07952756
OBJ,2745,0.00185079,0.03679417,0.07952756
OBJ,2746,0.00184805,0.03714494,0.08031496
OBJ,2747,0.00184630,0.03713142,0.08031496
OBJ,2748,0.00184285,0.03711790,0.08031496
OBJ,2749,0.00183925,0.03746817,0.08110236
OBJ,2750,0.00183562,0.03745455,0.08110236
OBJ,2751,0.00183507,0.03744093,0.08110236
OBJ,2752,0.00183212,0.03742733,0.08110236
OBJ,2753,0.00182415,0.03741373,0.08110236
OBJ,2754,0.00182272,0.03740015,0.08110236
OBJ,2755,0.00182164,0.03738657,0.08110236
OBJ,2756,0.00182076,0.03737300,0.08110236
OBJ,2757,0.00181767,0.03735945,0.08110236
OBJ,2758,0.00181697,0.03734590,0.08110236
OBJ,2759,0.00181548,0.03733237,0.08110236
OBJ,2760,0.00181324,0.03731884,0.08110236
OBJ,2761,0.00181239,0.03730532,0.08110236
OBJ,2762,0.00181006,0.03729182,0.08110236
OBJ,2763,0.00180961,0.03727832,0.08110236
OBJ,2764,0.00180614,0.03726483,0.08110236
OBJ,2765,0.00180160,0.03725136,0.08110236
OBJ,2766,0.00180054,0.03723789,0.08110236
OBJ,2767,0.00179941,0.03722443,0.08110236
OBJ,2768,0.00179711,0.03721098,0.08110236
OBJ,2769,0.00179624,0.03719754,0.08110236
OBJ,2770,0.00179581,0.03718412,0.08110236
OBJ,2771,0.00179155,0.03717070,0.08110236
OBJ,2772,0.00179085,0.03715729,0.08110236
OBJ,2773,0.00179053,0.03714389,0.08110236
OBJ,2774,0.00179031,0.03713050,0.08110236
OBJ,2775,0.00178911,0.03747748,0.08188976
OBJ,2776,0.00178820,0.03746398,0.08188976
OBJ,2777,0.00178529,0.03745049,0.08188976
OBJ,2778,0.00178118,0.03743701,0.08188976
OBJ,2779,0.00177924,0.03742353,0.08188976
OBJ,2780,0.00177757,0.03741007,0.08188976
OBJ,2781,0.00177340,0.03739662,0.08188976
OBJ,2782,0.00177289,0.03738318,0.08188976
OBJ,2783,0.00177285,0.03736974,0.08188976
OBJ,2784,0.00177147,0.03735632,0.08188976
OBJ,2785,0.00176959,0.03734291,0.08188976
OBJ,2786,0.00176821,0.03732950,0.08188976
OBJ,2787,0.00176790,0.03731611,0.08188976
OBJ,2788,0.00176652,0.03730273,0.08188976
OBJ,2789,0.00176586,0.03728935,0.08188976
OBJ,2790,0.00176512,0.03727599,0.08188976
OBJ,2791,0.00176505,0.03726263,0.08188976
OBJ,2792,0.00176349,0.03724928,0.08188976
OBJ,2793,0.00176313,0.03723595,0.08188976
OBJ,2794,0.00176306,0.03722262,0.08188976
OBJ,2795,0.00176262,0.03720930,0.08188976
OBJ,2796,0.00176217,0.03719599,0.08188976
OBJ,2797,0.00176143,0.03754022,0.08267717
OBJ,2798,0.00175741,0.03752680,0.08267717
OBJ,2799,0.00175607,0.03751340,0.08267717
OBJ,2800,0.00175592,0.03750000,0.08267717
OBJ,2801,0.00175590,0.03748661,0.08267717
OBJ,2802,0.00175378,0.03747323,0.08267717
OBJ,2803,0.00175348,0.03745986,0.08267717
OBJ,2804,0.00175138,0.03744650,0.08267717
OBJ,2805,0.00174980,0.03778966,0.08346457
OBJ,2806,0.00174866,0.03777619,0.08346457
OBJ,2807,0.00174417,0.03776274,0.08346457
OBJ,2808,0.00174361,0.03774929,0.08346457
OBJ,2809,0.00174264,0.03773585,0.08346457
OBJ,2810,0.00173685,0.03772242,0.08346457
OBJ,2811,0.00173600,0.03770900,0.08346457
OBJ,2812,0.00173377,0.03769559,0.08346457
OBJ,2813,0.00172742,0.03768219,0.08346457
OBJ,2814,0.00172696,0.03766880,0.08346457
OBJ,2815,0.00172620,0.03765542,0.08346457
OBJ,2816,0.00172576,0.03764205,0.08346457
OBJ,2817,0.00172349,0.03762868,0.08346457
OBJ,2818,0.00171788,0.03761533,0.08346457
OBJ,2819,0.00171610,0.03760199,0.08346457
OBJ,2820,0.00171584,0.03758865,0.08346457
OBJ,2821,0.00171531,0.03757533,0.08346457
OBJ,2822,0.00171366,0.03756201,0.08346457
OBJ,2823,0.00170750,0.03754871,0.08346457
OBJ,2824,0.00170746,0.03753541,0.08346457
OBJ,2825,0.00170646,0.03752212,0.08346457
OBJ,2826,0.00170553,0.03750885,0.08346457
OBJ,2827,0.00170487,0.03749558,0.08346457
OBJ,2828,0.00170383,0.03748232,0.08346457
OBJ,2829,0.00170280,0.03746907,0.08346457
OBJ,2830,0.00169878,0.03745583,0.08346457
OBJ,2831,0.00169837,0.03744260,0.08346457
OBJ,2832,0.00169721,0.03742938,0.08346457
OBJ,2833,0.00169684,0.03741617,0.08346457
OBJ,2834,0.00169637,0.03740296,0.08346457
OBJ,2835,0.00169541,0.03738977,0.08346457
OBJ,2836,0.00169503,0.03737659,0.08346457
OBJ,2837,0.00169230,0.03736341,0.08346457
OBJ,2838,0.00169048,0.03735025,0.08346457
OBJ,2839,0.00168872,0.03733709,0.08346457
OBJ,2840,0.00168784,0.03732394,0.08346457
OBJ,2841,0.00168601,0.03766279,0.08425197
OBJ,2842,0.00168185,0.03764954,0.08425197
OBJ,2843,0.00167980,0.03763630,0.08425197
OBJ,2844,0.00167779,0.03762307,0.08425197
OBJ,2845,0.00167719,0.03760984,0.08425197
OBJ,2846,0.00167529,0.03759663,0.08425197
OBJ,2847,0.00167444,0.03758342,0.08425197
OBJ,2848,0.00167425,0.03757022,0.08425197
OBJ,2849,0.00167348,0.03755704,0.08425197
OBJ,2850,0.00166947,0.03754386,0.08425197
OBJ,2851,0.00166934,0.03753069,0.08425197
OBJ,2852,0.00166844,0.03751753,0.08425197
OBJ,2853,0.00166420,0.03785489,0.08503937
OBJ,2854,0.00166406,0.03784163,0.08503937
OBJ,2855,0.00166358,0.03817863,0.08582677
OBJ,2856,0.00165496,0.03816527,0.08582677
OBJ,2857,0.00165313,0.03815191,0.08582677
OBJ,2858,0.00165229,0.03813856,0.08582677
OBJ,2859,0.00165175,0.03812522,0.08582677
OBJ,2860,0.00165084,0.03811189,0.08582677
OBJ,2861,0.00164671,0.03809857,0.08582677
OBJ,2862,0.00164422,0.03808526,0.08582677
OBJ,2863,0.00164031,0.03842124,0.08661417
OBJ,2864,0.00164010,0.03840782,0.08661417
OBJ,2865,0.00163937,0.03839442,0.08661417
OBJ,2866,0.00163931,0.03838102,0.08661417
OBJ,2867,0.00163795,0.03836763,0.08661417
OBJ,2868,0.00163532,0.03835425,0.08661417
OBJ,2869,0.00163437,0.03834089,0.08661417
OBJ,2870,0.00163240,0.03832753,0.08661417
OBJ,2871,0.00163186,0.03831418,0.08661417
OBJ,2872,0.00163171,0.03830084,0.08661417
OBJ,2873,0.00162938,0.03828750,0.08661417
OBJ,2874,0.00162907,0.03827418,0.08661417
OBJ,2875,0.00162825,0.03826087,0.08661417
OBJ,2876,0.00162531,0.03824757,0.08661417
OBJ,2877,0.00162449,0.03823427,0.08661417
OBJ,2878,0.00162364,0.03822099,0.08661417
OBJ,2879,0.00161982,0.03820771,0.08661417
OBJ,2880,0.00161939,0.03819444,0.08661417
OBJ,2881,0.00161607,0.03818119,0.08661417
OBJ,2882,0.00161453,0.03816794,0.08661417
OBJ,2883,0.00161351,0.03815470,0.08661417
OBJ,2884,0.00161297,0.03814147,0.08661417
OBJ,2885,0.00161161,0.03812825,0.08661417
OBJ,2886,0.00160968,0.03811504,0.08661417
OBJ,2887,0.00160959,0.03810184,0.08661417
OBJ,2888,0.00160767,0.03808864,0.08661417
OBJ,2889,0.00160702,0.03807546,0.08661417
OBJ,2890,0.00160629,0.03806228,0.08661417
OBJ,2891,0.00160401,0.03804912,0.08661417
OBJ,2892,0.00160261,0.03838174,0.08740157
OBJ,2893,0.00160127,0.03836848,0.08740157
OBJ,2894,0.00159741,0.03835522,0.08740157
OBJ,2895,0.00159720,0.03834197,0.08740157
OBJ,2896,0.00159607,0.03832873,0.08740157
OBJ,2897,0.00159606,0.03831550,0.08740157
OBJ,2898,0.00159483,0.03830228,0.08740157
OBJ,2899,0.00159414,0.03828907,0.08740157
OBJ,2900,0.00159410,0.03827586,0.08740157
OBJ,2901,0.00159405,0.03826267,0.08740157
OBJ,2902,0.00159155,0.03824948,0.08740157
OBJ,2903,0.00159141,0.03823631,0.08740157
OBJ,2904,0.00158654,0.03822314,0.08740157
OBJ,2905,0.00158558,0.03820998,0.08740157
OBJ,2906,0.00157947,0.03819683,0.08740157
OBJ,2907,0.00157862,0.03818369,0.08740157
OBJ,2908,0.00157831,0.03817056,0.08740157
OBJ,2909,0.00157685,0.03815744,0.08740157
OBJ,2910,0.00156942,0.03814433,0.08740157
OBJ,2911,0.00156826,0.03847475,0.08818898
OBJ,2912,0.00156732,0.03846154,0.08818898
OBJ,2913,0.00156517,0.03844834,0.08818898
OBJ,2914,0.00156112,0.03843514,0.08818898
OBJ,2915,0.00156096,0.03842196,0.08818898
OBJ,2916,0.00156044,0.03840878,0.08818898
OBJ,2917,0.00155872,0.03839561,0.08818898
OBJ,2918,0.00155749,0.03838245,0.08818898
OBJ,2919,0.00155541,0.03836930,0.08818898
OBJ,2920,0.00155164,0.03835616,0.08818898
OBJ,2921,0.00155092,0.03834303,0.08818898
OBJ,2922,0.00155035,0.03832991,0.08818898
OBJ,2923,0.00154647,0.03831680,0.08818898
OBJ,2924,0.00154620,0.03830369,0.08818898
OBJ,2925,0.00154376,0.03829060,0.08818898
OBJ,2926,0.00153938,0.03827751,0.08818898
OBJ,2927,0.00153775,0.03826443,0.08818898
OBJ,2928,0.00153597,0.03825137,0.08818898
OBJ,2929,0.00153517,0.03823831,0.08818898
OBJ,2930,0.00153349,0.03822526,0.08818898
OBJ,2931,0.00153348,0.03855339,0.08897638
OBJ,2932,0.00153232,0.03854025,0.08897638
OBJ,2933,0.00153081,0.03852711,0.08897638
OBJ,2934,0.00153074,0.03851397,0.08897638
OBJ,2935,0.00153059,0.03850085,0.08897638
OBJ,2936,0.00152839,0.03848774,0.08897638
OBJ,2937,0.00152812,0.03847463,0.08897638
OBJ,2938,0.00152801,0.03846154,0.08897638
OBJ,2939,0.00152685,0.03844845,0.08897638
OBJ,2940,0.00152507,0.03843537,0.08897638
OBJ,2941,0.00152401,0.03842231,0.08897638
OBJ,2942,0.00152396,0.03840925,0.08897638
OBJ,2943,0.00152286,0.03839619,0.08897638
OBJ,2944,0.00152089,0.03838315,0.08897638
OBJ,2945,0.00152013,0.03837012,0.08897638
OBJ,2946,0.00151805,0.03835709,0.08897638
OBJ,2947,0.00151630,0.03868341,0.08976378
OBJ,2948,0.00151143,0.03867028,0.08976378
OBJ,2949,0.00150846,0.03865717,0.08976378
OBJ,2950,0.00150765,0.03864407,0.08976378
OBJ,2951,0.00150468,0.03863097,0.08976378
OBJ,2952,0.00150460,0.03861789,0.08976378
OBJ,2953,0.00150374,0.03860481,0.08976378
OBJ,2954,0.00150014,0.03859174,0.08976378
OBJ,2955,0.00149768,0.03857868,0.08976378
OBJ,2956,0.00149710,0.03856563,0.08976378
OBJ,2957,0.00149709,0.03855259,0.08976378
OBJ,2958,0.00149123,0.03853955,0.08976378
OBJ,2959,0.00148867,0.03852653,0.08976378
OBJ,2960,0.00148847,0.03851351,0.08976378
OBJ,2961,0.00148505,0.03850051,0.08976378
OBJ,2962,0.00148246,0.03848751,0.08976378
OBJ,2963,0.00148242,0.03881201,0.09055118
OBJ,2964,0.00148135,0.03879892,0.09055118
OBJ,2965,0.00147822,0.03878583,0.09055118
OBJ,2966,0.00147712,0.03877276,0.09055118
OBJ,2967,0.00147691,0.03875969,0.09055118
OBJ,2968,0.00147191,0.03874663,0.09055118
OBJ,2969,0.00147184,0.03873358,0.09055118
OBJ,2970,0.00146952,0.03872054,0.09055118
OBJ,2971,0.00146641,0.03904409,0.09133858
OBJ,2972,0.00146632,0.03903096,0.09133858
OBJ,2973,0.00146528,0.03901783,0.09133858
OBJ,2974,0.00146404,0.03900471,0.09133858
OBJ,2975,0.00146277,0.03899160,0.09133858
OBJ,2976,0.00145847,0.03897849,0.09133858
OBJ,2977,0.00145567,0.03896540,0.09133858
OBJ,2978,0.00145440,0.03895232,0.09133858
OBJ,2979,0.00145397,0.03893924,0.09133858
OBJ,2980,0.00145265,0.03892617,0.09133858
OBJ,2981,0.00145241,0.03891312,0.09133858
OBJ,2982,0.00145215,0.03890007,0.09133858
OBJ,2983,0.00145173,0.03888703,0.09133858
OBJ,2984,0.00145117,0.03887399,0.09133858
OBJ,2985,0.00145027,0.03919598,0.09212598
OBJ,2986,0.00145006,0.03918285,0.09212598
OBJ,2987,0.00144358,0.03916974,0.09212598
OBJ,2988,0.00144144,0.03915663,0.09212598
OBJ,2989,0.00144103,0.03914353,0.09212598
OBJ,2990,0.00144056,0.03913043,0.09212598
OBJ,2991,0.00143991,0.03911735,0.09212598
OBJ,2992,0.00143865,0.03910428,0.09212598
OBJ,2993,0.00143296,0.03909121,0.09212598
OBJ,2994,0.00143262,0.03907816,0.09212598
OBJ,2995,0.00143083,0.03906511,0.09212598
OBJ,2996,0.00142810,0.03905207,0.09212598
OBJ,2997,0.00142709,0.03903904,0.09212598
OBJ,2998,0.00142556,0.03902602,0.09212598
OBJ,2999,0.00142447,0.03901300,0.09212598
OBJ,3000,0.00142381,0.03900000,0.09212598
OBJ,3001,0.00141948,0.03898700,0.09212598
OBJ,3002,0.00141861,0.03897402,0.09212598
OBJ,3003,0.00141734,0.03896104,0.09212598
OBJ,3004,0.00141475,0.03894807,0.09212598
OBJ,3005,0.00141451,0.03893511,0.09212598
OBJ,3006,0.00141243,0.03892216,0.09212598
OBJ,3007,0.00141209,0.03890921,0.09212598
OBJ,3008,0.00140974,0.03889628,0.09212598
OBJ,3009,0.00140919,0.03888335,0.09212598
OBJ,3010,0.00140914,0.03887043,0.09212598
OBJ,3011,0.00140737,0.03885752,0.09212598
OBJ,3012,0.00140600,0.03884462,0.09212598
OBJ,3013,0.00140363,0.03883173,0.09212598
OBJ,3014,0.00140362,0.03881885,0.09212598
OBJ,3015,0.00140302,0.03880597,0.09212598
OBJ,3016,0.00140127,0.03879310,0.09212598
OBJ,3017,0.00139923,0.03878025,0.09212598
OBJ,3018,0.00139856,0.03876740,0.09212598
OBJ,3019,0.00139813,0.03875455,0.09212598
OBJ,3020,0.00139614,0.03874172,0.09212598
OBJ,3021,0.00139467,0.03872890,0.09212598
OBJ,3022,0.00139439,0.03871608,0.09212598
OBJ,3023,0.00139363,0.03870327,0.09212598
OBJ,3024,0.00139341,0.03869048,0.09212598
OBJ,3025,0.00139284,0.03867769,0.09212598
OBJ,3026,0.00139178,0.03866490,0.09212598
OBJ,3027,0.00138970,0.03865213,0.09212598
OBJ,3028,0.00138822,0.03863937,0.09212598
OBJ,3029,0.00138539,0.03862661,0.09212598
OBJ,3030,0.00138458,0.03861386,0.09212598
OBJ,3031,0.00138392,0.03860112,0.09212598
OBJ,3032,0.00138339,0.03858839,0.09212598
OBJ,3033,0.00138329,0.03857567,0.09212598
OBJ,3034,0.00138322,0.03856295,0.09212598
OBJ,3035,0.00138295,0.03855025,0.09212598
OBJ,3036,0.00138294,0.03853755,0.09212598
OBJ,3037,0.00137585,0.03852486,0.09212598
OBJ,3038,0.00137051,0.03851218,0.09212598
OBJ,3039,0.00136785,0.03849951,0.09212598
OBJ,3040,0.00136493,0.03881579,0.09291339
OBJ,3041,0.00136464,0.03880303,0.09291339
OBJ,3042,0.00136108,0.03911900,0.09370079
OBJ,3043,0.00135853,0.03910615,0.09370079
OBJ,3044,0.00135785,0.03909330,0.09370079
OBJ,3045,0.00135785,0.03908046,0.09370079
OBJ,3046,0.00135564,0.03906763,0.09370079
OBJ,3047,0.00135321,0.03938300,0.09448819
OBJ,3048,0.00135172,0.03937008,0.09448819
OBJ,3049,0.00134817,0.03935717,0.09448819
OBJ,3050,0.00134516,0.03934426,0.09448819
OBJ,3051,0.00134402,0.03933137,0.09448819
OBJ,3052,0.00134357,0.03964613,0.09527559
OBJ,3053,0.00134335,0.03963315,0.09527559
OBJ,3054,0.00134268,0.03962017,0.09527559
OBJ,3055,0.00134057,0.03960720,0.09527559
OBJ,3056,0.00133892,0.03959424,0.09527559
OBJ,3057,0.00133742,0.03958129,0.09527559
OBJ,3058,0.00133716,0.03956835,0.09527559
OBJ,3059,0.00133628,0.03955541,0.09527559
OBJ,3060,0.00133319,0.03954248,0.09527559
OBJ,3061,0.00133200,0.03952957,0.09527559
OBJ,3062,0.00132895,0.03951666,0.09527559
OBJ,3063,0.00132771,0.03950375,0.09527559
OBJ,3064,0.00132574,0.03949086,0.09527559
OBJ,3065,0.00132447,0.03947798,0.09527559
OBJ,3066,0.00132434,0.03946510,0.09527559
OBJ,3067,0.00132424,0.03945223,0.09527559
OBJ,3068,0.00132334,0.03943937,0.09527559
OBJ,3069,0.00132294,0.03942652,0.09527559
OBJ,3070,0.00132227,0.03941368,0.09527559
OBJ,3071,0.00132049,0.03940085,0.09527559
OBJ,3072,0.00132038,0.03938802,0.09527559
OBJ,3073,0.00131447,0.03937520,0.09527559
OBJ,3074,0.00131427,0.03968770,0.09606299
OBJ,3075,0.00131410,0.03967480,0.09606299
OBJ,3076,0.00131408,0.03966190,0.09606299
OBJ,3077,0.00131263,0.03964901,0.09606299
OBJ,3078,0.00131171,0.03963613,0.09606299
OBJ,3079,0.00130979,0.03962325,0.09606299
OBJ,3080,0.00130729,0.03961039,0.09606299
OBJ,3081,0.00130430,0.03959753,0.09606299
OBJ,3082,0.00130202,0.03958469,0.09606299
OBJ,3083,0.00130046,0.03957185,0.09606299
OBJ,3084,0.00130026,0.03955901,0.09606299
OBJ,3085,0.00130006,0.03954619,0.09606299
OBJ,3086,0.00129914,0.03953338,0.09606299
OBJ,3087,0.00129800,0.03952057,0.09606299
OBJ,3088,0.00129787,0.03950777,0.09606299
OBJ,3089,0.00129776,0.03949498,0.09606299
OBJ,3090,0.00129337,0.03948220,0.09606299
OBJ,3091,0.00129273,0.03946943,0.09606299
OBJ,3092,0.00129166,0.03945666,0.09606299
OBJ,3093,0.00129151,0.03944391,0.09606299
OBJ,3094,0.00129110,0.03943116,0.09606299
OBJ,3095,0.00129043,0.03941842,0.09606299
OBJ,3096,0.00128856,0.03940568,0.09606299
OBJ,3097,0.00128130,0.03939296,0.09606299
OBJ,3098,0.00128053,0.03938025,0.09606299
OBJ,3099,0.00127965,0.03936754,0.09606299
OBJ,3100,0.00127828,0.03935484,0.09606299
OBJ,3101,0.00127674,0.03934215,0.09606299
OBJ,3102,0.00127509,0.03932946,0.09606299
OBJ,3103,0.00127326,0.03931679,0.09606299
OBJ,3104,0.00127285,0.03930412,0.09606299
OBJ,3105,0.00127250,0.03929147,0.09606299
OBJ,3106,0.00126972,0.03927882,0.09606299
OBJ,3107,0.00126879,0.03926617,0.09606299
OBJ,3108,0.00126844,0.03925354,0.09606299
OBJ,3109,0.00126750,0.03924091,0.09606299
OBJ,3110,0.00126717,0.03922830,0.09606299
OBJ,3111,0.00126550,0.03921569,0.09606299
OBJ,3112,0.00126454,0.03920308,0.09606299
OBJ,3113,0.00126445,0.03919049,0.09606299
OBJ,3114,0.00126361,0.03917791,0.09606299
OBJ,3115,0.00126263,0.03916533,0.09606299
OBJ,3116,0.00126150,0.03947368,0.09685039
OBJ,3117,0.00125604,0.03946102,0.09685039
OBJ,3118,0.00125526,0.03944836,0.09685039
OBJ,3119,0.00125476,0.03943572,0.09685039
OBJ,3120,0.00125302,0.03942308,0.09685039
OBJ,3121,0.00125272,0.03941045,0.09685039
OBJ,3122,0.00125101,0.03939782,0.09685039
OBJ,3123,0.00125029,0.03938521,0.09685039
OBJ,3124,0.00124905,0.03937260,0.09685039
OBJ,3125,0.00124883,0.03936000,0.09685039
OBJ,3126,0.00124792,0.03934741,0.09685039
OBJ,3127,0.00124618,0.03933483,0.09685039
OBJ,3128,0.00124124,0.03932225,0.09685039
OBJ,3129,0.00124094,0.03930968,0.09685039
OBJ,3130,0.00123994,0.03929712,0.09685039
OBJ,3131,0.00123956,0.03928457,0.09685039
OBJ,3132,0.00123935,0.03927203,0.09685039
OBJ,3133,0.00123708,0.03925950,0.09685039
OBJ,3134,0.00123577,0.03924697,0.09685039
OBJ,3135,0.00123557,0.03923445,0.09685039
OBJ,3136,0.00123541,0.03922194,0.09685039
OBJ,3137,0.00123507,0.03920944,0.09685039
OBJ,3138,0.00123276,0.03919694,0.09685039
OBJ,3139,0.00123250,0.03918445,0.09685039
OBJ,3140,0.00123129,0.03917197,0.09685039
OBJ,3141,0.00123026,0.03915950,0.09685039
OBJ,3142,0.00122933,0.03914704,0.09685039
OBJ,3143,0.00122770,0.03913458,0.09685039
OBJ,3144,0.00122572,0.03912214,0.09685039
OBJ,3145,0.00122497,0.03910970,0.09685039
OBJ,3146,0.00122497,0.03909727,0.09685039
OBJ,3147,0.00122482,0.03908484,0.09685039
OBJ,3148,0.00122443,0.03907243,0.09685039
OBJ,3149,0.00122348,0.03906002,0.09685039
OBJ,3150,0.00122212,0.03904762,0.09685039
OBJ,3151,0.00121850,0.03903523,0.09685039
OBJ,3152,0.00121299,0.03902284,0.09685039
OBJ,3153,0.00121189,0.03901047,0.09685039
OBJ,3154,0.00120854,0.03899810,0.09685039
OBJ,3155,0.00120820,0.03898574,0.09685039
OBJ,3156,0.00120672,0.03897338,0.09685039
OBJ,3157,0.00120542,0.03896104,0.09685039
OBJ,3158,0.00120514,0.03894870,0.09685039
OBJ,3159,0.00120459,0.03893637,0.09685039
OBJ,3160,0.00119873,0.03892405,0.09685039
OBJ,3161,0.00119838,0.03891174,0.09685039
OBJ,3162,0.00119785,0.03889943,0.09685039
OBJ,3163,0.00119750,0.03888713,0.09685039
OBJ,3164,0.00119704,0.03887484,0.09685039
OBJ,3165,0.00119617,0.03886256,0.09685039
OBJ,3166,0.00119485,0.03885028,0.09685039
OBJ,3167,0.00119403,0.03883802,0.09685039
OBJ,3168,0.00119335,0.03882576,0.09685039
OBJ,3169,0.00119256,0.03881351,0.09685039
OBJ,3170,0.00118653,0.03880126,0.09685039
OBJ,3171,0.00118604,0.03878903,0.09685039
OBJ,3172,0.00118437,0.03877680,0.09685039
OBJ,3173,0.00118409,0.03876458,0.09685039
OBJ,3174,0.00118408,0.03875236,0.09685039
OBJ,3175,0.00118355,0.03874016,0.09685039
OBJ,3176,0.00118180,0.03904282,0.09763780
OBJ,3177,0.00118178,0.03903053,0.09763780
OBJ,3178,0.00118081,0.03901825,0.09763780
OBJ,3179,0.00118045,0.03900598,0.09763780
OBJ,3180,0.00117875,0.03899371,0.09763780
OBJ,3181,0.00117835,0.03898145,0.09763780
OBJ,3182,0.00117542,0.03896920,0.09763780
OBJ,3183,0.00117538,0.03895696,0.09763780
OBJ,3184,0.00117515,0.03894472,0.09763780
OBJ,3185,0.00117238,0.03893250,0.09763780
OBJ,3186,0.00117124,0.03892028,0.09763780
OBJ,3187,0.00116735,0.03890806,0.09763780
OBJ,3188,0.00116346,0.03889586,0.09763780
OBJ,3189,0.00116249,0.03888366,0.09763780
OBJ,3190,0.00116186,0.03887147,0.09763780
OBJ,3191,0.00116080,0.03885929,0.09763780
OBJ,3192,0.00115963,0.03916040,0.09842520
OBJ,3193,0.00115933,0.03914814,0.09842520
OBJ,3194,0.00115855,0.03913588,0.09842520
OBJ,3195,0.00115726,0.03912363,0.09842520
OBJ,3196,0.00115693,0.03911139,0.09842520
OBJ,3197,0.00115639,0.03909916,0.09842520
OBJ,3198,0.00115157,0.03908693,0.09842520
OBJ,3199,0.00115133,0.03907471,0.09842520
OBJ,3200,0.00115025,0.03906250,0.09842520
OBJ,3201,0.00114618,0.03905030,0.09842520
OBJ,3202,0.00114529,0.03903810,0.09842520
OBJ,3203,0.00114498,0.03902591,0.09842520
OBJ,3204,0.00114227,0.03901373,0.09842520
OBJ,3205,0.00114170,0.03931357,0.09921260
OBJ,3206,0.00114139,0.03930131,0.09921260
OBJ,3207,0.00114056,0.03928906,0.09921260
OBJ,3208,0.00113961,0.03927681,0.09921260
OBJ,3209,0.00113935,0.03926457,0.09921260
OBJ,3210,0.00113765,0.03925234,0.09921260
OBJ,3211,0.00113685,0.03924011,0.09921260
OBJ,3212,0.00113657,0.03922790,0.09921260
OBJ,3213,0.00113504,0.03921569,0.09921260
OBJ,3214,0.00113414,0.03951462,0.10000000
OBJ,3215,0.00113383,0.03950233,0.10000000
OBJ,3216,0.00113367,0.03949005,0.10000000
OBJ,3217,0.00113254,0.03947777,0.10000000
OBJ,3218,0.00113206,0.03946551,0.10000000
OBJ,3219,0.00113000,0.03945325,0.10000000
OBJ,3220,0.00112984,0.03944099,0.10000000
OBJ,3221,0.00112860,0.03942875,0.10000000
OBJ,3222,0.00112838,0.03941651,0.10000000
OBJ,3223,0.00112720,0.03940428,0.10000000
OBJ,3224,0.00112615,0.03939206,0.10000000
OBJ,3225,0.00112529,0.03937984,0.10000000
OBJ,3226,0.00112355,0.03936764,0.10000000
OBJ,3227,0.00112134,0.03935544,0.10000000
OBJ,3228,0.00111986,0.03934325,0.10000000
OBJ,3229,0.00111976,0.03933106,0.10000000
OBJ,3230,0.00111961,0.03931889,0.10000000
OBJ,3231,0.00111961,0.03930672,0.10000000
OBJ,3232,0.00111724,0.03929455,0.10000000
OBJ,3233,0.00111700,0.03928240,0.10000000
OBJ,3234,0.00111498,0.03957947,0.10078740
OBJ,3235,0.00111315,0.03987635,0.10157480
OBJ,3236,0.00111270,0.03986403,0.10157480
OBJ,3237,0.00111165,0.03985171,0.10157480
OBJ,3238,0.00110971,0.03983941,0.10157480
OBJ,3239,0.00110693,0.03982711,0.10157480
OBJ,3240,0.00110587,0.03981481,0.10157480
OBJ,3241,0.00110488,0.03980253,0.10157480
OBJ,3242,0.00110452,0.03979025,0.10157480
OBJ,3243,0.00110387,0.03977798,0.10157480
OBJ,3244,0.00110384,0.03976572,0.10157480
OBJ,3245,0.00110297,0.03975347,0.10157480
OBJ,3246,0.00110068,0.03974122,0.10157480
OBJ,3247,0.00110006,0.03972898,0.10157480
OBJ,3248,0.00109702,0.03971675,0.10157480
OBJ,3249,0.00109477,0.03970452,0.10157480
OBJ,3250,0.00109279,0.03969231,0.10157480
OBJ,3251,0.00109148,0.03968010,0.10157480
OBJ,3252,0.00109112,0.03966790,0.10157480
OBJ,3253,0.00109104,0.03965570,0.10157480
OBJ,3254,0.00109013,0.03964352,0.10157480
OBJ,3255,0.00108952,0.03963134,0.10157480
OBJ,3256,0.00108929,0.03961916,0.10157480
OBJ,3257,0.00108877,0.03960700,0.10157480
OBJ,3258,0.00108676,0.03959484,0.10157480
OBJ,3259,0.00108553,0.03958269,0.10157480
OBJ,3260,0.00108219,0.03957055,0.10157480
OBJ,3261,0.00107604,0.03955842,0.10157480
OBJ,3262,0.00107348,0.03954629,0.10157480
OBJ,3263,0.00107239,0.03953417,0.10157480
OBJ,3264,0.00106962,0.03952206,0.10157480
OBJ,3265,0.00106854,0.03950995,0.10157480
OBJ,3266,0.00106773,0.03980404,0.10236220
OBJ,3267,0.00106684,0.03979186,0.10236220
OBJ,3268,0.00106411,0.04008568,0.10314961
OBJ,3269,0.00106331,0.04007342,0.10314961
OBJ,3270,0.00106268,0.04036697,0.10393701
OBJ,3271,0.00106170,0.04035463,0.10393701
OBJ,3272,0.00106129,0.04034230,0.10393701
OBJ,3273,0.00105707,0.04032997,0.10393701
OBJ,3274,0.00105677,0.04031765,0.10393701
OBJ,3275,0.00105612,0.04030534,0.10393701
OBJ,3276,0.00105453,0.04029304,0.10393701
OBJ,3277,0.00105340,0.04028074,0.10393701
OBJ,3278,0.00105245,0.04026846,0.10393701
OBJ,3279,0.00105063,0.04025618,0.10393701
OBJ,3280,0.00104976,0.04024390,0.10393701
OBJ,3281,0.00104954,0.04023164,0.10393701
OBJ,3282,0.00104813,0.04052407,0.10472441
OBJ,3283,0.00104703,0.04051173,0.10472441
OBJ,3284,0.00104700,0.04049939,0.10472441
OBJ,3285,0.00104691,0.04048706,0.10472441
OBJ,3286,0.00104689,0.04047474,0.10472441
OBJ,3287,0.00104564,0.04046243,0.10472441
OBJ,3288,0.00104320,0.04045012,0.10472441
OBJ,3289,0.00104305,0.04043782,0.10472441
OBJ,3290,0.00104089,0.04042553,0.10472441
OBJ,3291,0.00103741,0.04041325,0.10472441
OBJ,3292,0.00103678,0.04040097,0.10472441
OBJ,3293,0.00103576,0.04038870,0.10472441
OBJ,3294,0.00103573,0.04037644,0.10472441
OBJ,3295,0.00103485,0.04036419,0.10472441
OBJ,3296,0.00103363,0.04035194,0.10472441
OBJ,3297,0.00103359,0.04033970,0.10472441
OBJ,3298,0.00103278,0.04032747,0.10472441
OBJ,3299,0.00103258,0.04031525,0.10472441
OBJ,3300,0.00102961,0.04030303,0.10472441
OBJ,3301,0.00102683,0.04029082,0.10472441
OBJ,3302,0.00102587,0.04058147,0.10551181
OBJ,3303,0.00102558,0.04056918,0.10551181
OBJ,3304,0.00102471,0.04055690,0.10551181
OBJ,3305,0.00102410,0.04054463,0.10551181
OBJ,3306,0.00102231,0.04053237,0.10551181
OBJ,3307,0.00102170,0.04052011,0.10551181
OBJ,3308,0.00101998,0.04050786,0.10551181
OBJ,3309,0.00101932,0.04049562,0.10551181
OBJ,3310,0.00101914,0.04048338,0.10551181
OBJ,3311,0.00101862,0.04047116,0.10551181
OBJ,3312,0.00101753,0.04045894,0.10551181
OBJ,3313,0.00101442,0.04044673,0.10551181
OBJ,3314,0.00101373,0.04073627,0.10629921
OBJ,3315,0.00101268,0.04072398,0.10629921
OBJ,3316,0.00101252,0.04071170,0.10629921
OBJ,3317,0.00101216,0.04069943,0.10629921
OBJ,3318,0.00101168,0.04098855,0.10708661
OBJ,3319,0.00101089,0.04097620,0.10708661
OBJ,3320,0.00100907,0.04126506,0.10787402
OBJ,3321,0.00100701,0.04125263,0.10787402
OBJ,3322,0.00100679,0.04124022,0.10787402
OBJ,3323,0.00100642,0.04152874,0.10866142
OBJ,3324,0.00100616,0.04151625,0.10866142
OBJ,3325,0.00100502,0.04150376,0.10866142
OBJ,3326,0.00100278,0.04149128,0.10866142
OBJ,3327,0.00100220,0.04147881,0.10866142
OBJ,3328,0.00100150,0.04146635,0.10866142
OBJ,3329,0.00100137,0.04145389,0.10866142
OBJ,3330,0.00100035,0.04144144,0.10866142
OBJ,3331,0.00100011,0.04142900,0.10866142
OBJ,3332,0.00099846,0.04141657,0.10866142
OBJ,3333,0.00099843,0.04140414,0.10866142
OBJ,3334,0.00099593,0.04139172,0.10866142
OBJ,3335,0.00099554,0.04137931,0.10866142
OBJ,3336,0.00099415,0.04136691,0.10866142
OBJ,3337,0.00099391,0.04135451,0.10866142
OBJ,3338,0.00099216,0.04134212,0.10866142
OBJ,3339,0.00099148,0.04132974,0.10866142
OBJ,3340,0.00099029,0.04131737,0.10866142
OBJ,3341,0.00098913,0.04130500,0.10866142
OBJ,3342,0.00098902,0.04129264,0.10866142
OBJ,3343,0.00098816,0.04128029,0.10866142
OBJ,3344,0.00098734,0.04126794,0.10866142
OBJ,3345,0.00098668,0.04155456,0.10944882
OBJ,3346,0.00098608,0.04154214,0.10944882
OBJ,3347,0.00098438,0.04182850,0.11023622
OBJ,3348,0.00098416,0.04181601,0.11023622
OBJ,3349,0.00098270,0.04180352,0.11023622
OBJ,3350,0.00098109,0.04179104,0.11023622
OBJ,3351,0.00098091,0.04177857,0.11023622
OBJ,3352,0.00098070,0.04206444,0.11102362
OBJ,3353,0.00098051,0.04205189,0.11102362
OBJ,3354,0.00098021,0.04203936,0.11102362
OBJ,3355,0.00097811,0.04202683,0.11102362
OBJ,3356,0.00097744,0.04201430,0.11102362
OBJ,3357,0.00097689,0.04200179,0.11102362
OBJ,3358,0.00097526,0.04198928,0.11102362
OBJ,3359,0.00097355,0.04197678,0.11102362
OBJ,3360,0.00097320,0.04196429,0.11102362
OBJ,3361,0.00097301,0.04195180,0.11102362
OBJ,3362,0.00097095,0.04193932,0.11102362
OBJ,3363,0.00097090,0.04192685,0.11102362
OBJ,3364,0.00097080,0.04191439,0.11102362
OBJ,3365,0.00096877,0.04219911,0.11181102
OBJ,3366,0.00096798,0.04218657,0.11181102
OBJ,3367,0.00096787,0.04217404,0.11181102
OBJ,3368,0.00096705,0.04216152,0.11181102
OBJ,3369,0.00096690,0.04214901,0.11181102
OBJ,3370,0.00096674,0.04213650,0.11181102
OBJ,3371,0.00096416,0.04242065,0.11259843
OBJ,3372,0.00096383,0.04240807,0.11259843
OBJ,3373,0.00096288,0.04239549,0.11259843
OBJ,3374,0.00096095,0.04238293,0.11259843
OBJ,3375,0.00096050,0.04237037,0.11259843
OBJ,3376,0.00095935,0.04235782,0.11259843
OBJ,3377,0.00095461,0.04234528,0.11259843
OBJ,3378,0.00095366,0.04233274,0.11259843
OBJ,3379,0.00095318,0.04232021,0.11259843
OBJ,3380,0.00095310,0.04230769,0.11259843
OBJ,3381,0.00094970,0.04229518,0.11259843
OBJ,3382,0.00094792,0.04228267,0.11259843
OBJ,3383,0.00094377,0.04256577,0.11338583
OBJ,3384,0.00094301,0.04255319,0.11338583
OBJ,3385,0.00094295,0.04254062,0.11338583
OBJ,3386,0.00094021,0.04252806,0.11338583
OBJ,3387,0.00094005,0.04251550,0.11338583
OBJ,3388,0.00094000,0.04250295,0.11338583
OBJ,3389,0.00093727,0.04249041,0.11338583
OBJ,3390,0.00093694,0.04277286,0.11417323
OBJ,3391,0.00093501,0.04276025,0.11417323
OBJ,3392,0.00093315,0.04274764,0.11417323
OBJ,3393,0.00093227,0.04273504,0.11417323
OBJ,3394,0.00093038,0.04272245,0.11417323
OBJ,3395,0.00093028,0.04270987,0.11417323
OBJ,3396,0.00092853,0.04269729,0.11417323
OBJ,3397,0.00092847,0.04268472,0.11417323
OBJ,3398,0.00092682,0.04267216,0.11417323
OBJ,3399,0.00092583,0.04265961,0.11417323
OBJ,3400,0.00092326,0.04264706,0.11417323
OBJ,3401,0.00092267,0.04263452,0.11417323
OBJ,3402,0.00092174,0.04262199,0.11417323
OBJ,3403,0.00092088,0.04260946,0.11417323
OBJ,3404,0.00091925,0.04259694,0.11417323
OBJ,3405,0.00091886,0.04258443,0.11417323
OBJ,3406,0.00091623,0.04286553,0.11496063
OBJ,3407,0.00091432,0.04285295,0.11496063
OBJ,3408,0.00091425,0.04284038,0.11496063
OBJ,3409,0.00091344,0.04282781,0.11496063
OBJ,3410,0.00091297,0.04281525,0.11496063
OBJ,3411,0.00091290,0.04280270,0.11496063
OBJ,3412,0.00091091,0.04279015,0.11496063
OBJ,3413,0.00090873,0.04277762,0.11496063
OBJ,3414,0.00090865,0.04276508,0.11496063
OBJ,3415,0.00090836,0.04275256,0.11496063
OBJ,3416,0.00090772,0.04274005,0.11496063
OBJ,3417,0.00090455,0.04302019,0.11574803
OBJ,3418,0.00090338,0.04300761,0.11574803
OBJ,3419,0.00090078,0.04299503,0.11574803
OBJ,3420,0.00089840,0.04298246,0.11574803
OBJ,3421,0.00089784,0.04296989,0.11574803
OBJ,3422,0.00089677,0.04295733,0.11574803
OBJ,3423,0.00089490,0.04294479,0.11574803
OBJ,3424,0.00089438,0.04293224,0.11574803
OBJ,3425,0.00088852,0.04291971,0.11574803
OBJ,3426,0.00088827,0.04319907,0.11653543
OBJ,3427,0.00088749,0.04318646,0.11653543
OBJ,3428,0.00088515,0.04317386,0.11653543
OBJ,3429,0.00088387,0.04316127,0.11653543
OBJ,3430,0.00088218,0.04314869,0.11653543
OBJ,3431,0.00088145,0.04313611,0.11653543
OBJ,3432,0.00088145,0.04312354,0.11653543
OBJ,3433,0.00088095,0.04311098,0.11653543
OBJ,3434,0.00087997,0.04309843,0.11653543
OBJ,3435,0.00087968,0.04308588,0.11653543
OBJ,3436,0.00087929,0.04307334,0.11653543
OBJ,3437,0.00087884,0.04335176,0.11732283
OBJ,3438,0.00087824,0.04333915,0.11732283
OBJ,3439,0.00087787,0.04361733,0.11811024
OBJ,3440,0.00087700,0.04360465,0.11811024
OBJ,3441,0.00087627,0.04359198,0.11811024
OBJ,3442,0.00087463,0.04357931,0.11811024
OBJ,3443,0.00087431,0.04356666,0.11811024
OBJ,3444,0.00087399,0.04355401,0.11811024
OBJ,3445,0.00087359,0.04354136,0.11811024
OBJ,3446,0.00087279,0.04352873,0.11811024
OBJ,3447,0.00087201,0.04351610,0.11811024
OBJ,3448,0.00087060,0.04350348,0.11811024
OBJ,3449,0.00086795,0.04349087,0.11811024
OBJ,3450,0.00086701,0.04347826,0.11811024
OBJ,3451,0.00086637,0.04346566,0.11811024
OBJ,3452,0.00086506,0.04345307,0.11811024
OBJ,3453,0.00086416,0.04344049,0.11811024
OBJ,3454,0.00086382,0.04342791,0.11811024
OBJ,3455,0.00086310,0.04341534,0.11811024
OBJ,3456,0.00086299,0.04340278,0.11811024
OBJ,3457,0.00086026,0.04339022,0.11811024
OBJ,3458,0.00085997,0.04337767,0.11811024
OBJ,3459,0.00085906,0.04336513,0.11811024
OBJ,3460,0.00085854,0.04364162,0.11889764
OBJ,3461,0.00085669,0.04362901,0.11889764
OBJ,3462,0.00085531,0.04361641,0.11889764
OBJ,3463,0.00085515,0.04389258,0.11968504
OBJ,3464,0.00085466,0.04387991,0.11968504
OBJ,3465,0.00085414,0.04386724,0.11968504
OBJ,3466,0.00085405,0.04385459,0.11968504
OBJ,3467,0.00085368,0.04384194,0.11968504
OBJ,3468,0.00085323,0.04382930,0.11968504
OBJ,3469,0.00085288,0.04381666,0.11968504
OBJ,3470,0.00085178,0.04380403,0.11968504
OBJ,3471,0.00084826,0.04379141,0.11968504
OBJ,3472,0.00084601,0.04377880,0.11968504
OBJ,3473,0.00084575,0.04376620,0.11968504
OBJ,3474,0.00084323,0.04375360,0.11968504
OBJ,3475,0.00084302,0.04374101,0.11968504
OBJ,3476,0.00084275,0.04372842,0.11968504
OBJ,3477,0.00084100,0.04371585,0.11968504
OBJ,3478,0.00083769,0.04370328,0.11968504
OBJ,3479,0.00083625,0.04369072,0.11968504
OBJ,3480,0.00083343,0.04367816,0.11968504
OBJ,3481,0.00083243,0.04366561,0.11968504
OBJ,3482,0.00083213,0.04365307,0.11968504
OBJ,3483,0.00083201,0.04364054,0.11968504
OBJ,3484,0.00083196,0.04362801,0.11968504
OBJ,3485,0.00082906,0.04361549,0.11968504
OBJ,3486,0.00082672,0.04360298,0.11968504
OBJ,3487,0.00082575,0.04359048,0.11968504
OBJ,3488,0.00082529,0.04357798,0.11968504
OBJ,3489,0.00082393,0.04356549,0.11968504
OBJ,3490,0.00082251,0.04355301,0.11968504
OBJ,3491,0.00082177,0.04354053,0.11968504
OBJ,3492,0.00082125,0.04352806,0.11968504
OBJ,3493,0.00082049,0.04351560,0.11968504
OBJ,3494,0.00082017,0.04350315,0.11968504
OBJ,3495,0.00081881,0.04349070,0.11968504
OBJ,3496,0.00081805,0.04347826,0.11968504
OBJ,3497,0.00081700,0.04375179,0.12047244
OBJ,3498,0.00081539,0.04373928,0.12047244
OBJ,3499,0.00081086,0.04372678,0.12047244
OBJ,3500,0.00081002,0.04371429,0.12047244
OBJ,3501,0.00080463,0.04370180,0.12047244
OBJ,3502,0.00080450,0.04368932,0.12047244
OBJ,3503,0.00080304,0.04367685,0.12047244
OBJ,3504,0.00079848,0.04366438,0.12047244
OBJ,3505,0.00079600,0.04365193,0.12047244
OBJ,3506,0.00079505,0.04363948,0.12047244
OBJ,3507,0.00079292,0.04391218,0.12125984
OBJ,3508,0.00078935,0.04418472,0.12204724
OBJ,3509,0.00078854,0.04417213,0.12204724
OBJ,3510,0.00078553,0.04415954,0.12204724
OBJ,3511,0.00078535,0.04414697,0.12204724
OBJ,3512,0.00078272,0.04413440,0.12204724
OBJ,3513,0.00078210,0.04412183,0.12204724
OBJ,3514,0.00078142,0.04410928,0.12204724
OBJ,3515,0.00077976,0.04409673,0.12204724
OBJ,3516,0.00077737,0.04408419,0.12204724
OBJ,3517,0.00077721,0.04407165,0.12204724
OBJ,3518,0.00077475,0.04405912,0.12204724
OBJ,3519,0.00077377,0.04404660,0.12204724
OBJ,3520,0.00077349,0.04403409,0.12204724
OBJ,3521,0.00077348,0.04430560,0.12283465
OBJ,3522,0.00077306,0.04429302,0.12283465
OBJ,3523,0.00077064,0.04428044,0.12283465
OBJ,3524,0.00077007,0.04455165,0.12362205
OBJ,3525,0.00076951,0.04453901,0.12362205
OBJ,3526,0.00076944,0.04452638,0.12362205
OBJ,3527,0.00076718,0.04451375,0.12362205
OBJ,3528,0.00076402,0.04450113,0.12362205
OBJ,3529,0.00076294,0.04448852,0.12362205
OBJ,3530,0.00076129,0.04447592,0.12362205
OBJ,3531,0.00076120,0.04446332,0.12362205
OBJ,3532,0.00076069,0.04445074,0.12362205
OBJ,3533,0.00075900,0.04443815,0.12362205
OBJ,3534,0.00075818,0.04442558,0.12362205
OBJ,3535,0.00075804,0.04441301,0.12362205
OBJ,3536,0.00075735,0.04440045,0.12362205
OBJ,3537,0.00075413,0.04438790,0.12362205
OBJ,3538,0.00075401,0.04437535,0.12362205
OBJ,3539,0.00075324,0.04436281,0.12362205
OBJ,3540,0.00075184,0.04435028,0.12362205
OBJ,3541,0.00075033,0.04433776,0.12362205
OBJ,3542,0.00075022,0.04432524,0.12362205
OBJ,3543,0.00074955,0.04431273,0.12362205
OBJ,3544,0.00074833,0.04458239,0.12440945
OBJ,3545,0.00074791,0.04456982,0.12440945
OBJ,3546,0.00074701,0.04455725,0.12440945
OBJ,3547,0.00074644,0.04454469,0.12440945
OBJ,3548,0.00074640,0.04453213,0.12440945
OBJ,3549,0.00074635,0.04451958,0.12440945
OBJ,3550,0.00074575,0.04450704,0.12440945
OBJ,3551,0.00074550,0.04449451,0.12440945
OBJ,3552,0.00074547,0.04448198,0.12440945
OBJ,3553,0.00074341,0.04446946,0.12440945
OBJ,3554,0.00074234,0.04445695,0.12440945
OBJ,3555,0.00074205,0.04444444,0.12440945
OBJ,3556,0.00074202,0.04443195,0.12440945
OBJ,3557,0.00074186,0.04441945,0.12440945
OBJ,3558,0.00074151,0.04440697,0.12440945
OBJ,3559,0.00074132,0.04439449,0.12440945
OBJ,3560,0.00074110,0.04438202,0.12440945
OBJ,3561,0.00073862,0.04436956,0.12440945
OBJ,3562,0.00073467,0.04435710,0.12440945
OBJ,3563,0.00073422,0.04434465,0.12440945
OBJ,3564,0.00073421,0.04433221,0.12440945
OBJ,3565,0.00073417,0.04431978,0.12440945
OBJ,3566,0.00073321,0.04430735,0.12440945
OBJ,3567,0.00073292,0.04429493,0.12440945
OBJ,3568,0.00073022,0.04428251,0.12440945
OBJ,3569,0.00073015,0.04427010,0.12440945
OBJ,3570,0.00073001,0.04425770,0.12440945
OBJ,3571,0.00072948,0.04424531,0.12440945
OBJ,3572,0.00072806,0.04423292,0.12440945
OBJ,3573,0.00072619,0.04422054,0.12440945
OBJ,3574,0.00072491,0.04420817,0.12440945
OBJ,3575,0.00072490,0.04419580,0.12440945
OBJ,3576,0.00072290,0.04418345,0.12440945
OBJ,3577,0.00072201,0.04417109,0.12440945
OBJ,3578,0.00071980,0.04415875,0.12440945
OBJ,3579,0.00071790,0.04414641,0.12440945
OBJ,3580,0.00071702,0.04413408,0.12440945
OBJ,3581,0.00071274,0.04412175,0.12440945
OBJ,3582,0.00071268,0.04410944,0.12440945
OBJ,3583,0.00071148,0.04409713,0.12440945
OBJ,3584,0.00071112,0.04408482,0.12440945
OBJ,3585,0.00071053,0.04435146,0.12519685
OBJ,3586,0.00070598,0.04433910,0.12519685
OBJ,3587,0.00070554,0.04432674,0.12519685
OBJ,3588,0.00070495,0.04431438,0.12519685
OBJ,3589,0.00070326,0.04430203,0.12519685
OBJ,3590,0.00070309,0.04428969,0.12519685
OBJ,3591,0.00070215,0.04427736,0.12519685
OBJ,3592,0.00070135,0.04426503,0.12519685
OBJ,3593,0.00070073,0.04425271,0.12519685
OBJ,3594,0.00069783,0.04424040,0.12519685
OBJ,3595,0.00069735,0.04422809,0.12519685
OBJ,3596,0.00069577,0.04421580,0.12519685
OBJ,3597,0.00069576,0.04420350,0.12519685
OBJ,3598,0.00069303,0.04419122,0.12519685
OBJ,3599,0.00069275,0.04417894,0.12519685
OBJ,3600,0.00068979,0.04416667,0.12519685
OBJ,3601,0.00068870,0.04415440,0.12519685
OBJ,3602,0.00068732,0.04414214,0.12519685
OBJ,3603,0.00068689,0.04412989,0.12519685
OBJ,3604,0.00068632,0.04439512,0.12598425
OBJ,3605,0.00068236,0.04438280,0.12598425
OBJ,3606,0.00068163,0.04437049,0.12598425
OBJ,3607,0.00068104,0.04435819,0.12598425
OBJ,3608,0.00068093,0.04462306,0.12677165
OBJ,3609,0.00068082,0.04461070,0.12677165
OBJ,3610,0.00068041,0.04459834,0.12677165
OBJ,3611,0.00068024,0.04458599,0.12677165
OBJ,3612,0.00067853,0.04457364,0.12677165
OBJ,3613,0.00067826,0.04456131,0.12677165
OBJ,3614,0.00067677,0.04482568,0.12755906
OBJ,3615,0.00067407,0.04481328,0.12755906
OBJ,3616,0.00067338,0.04480088,0.12755906
OBJ,3617,0.00067313,0.04478850,0.12755906
OBJ,3618,0.00067244,0.04477612,0.12755906
OBJ,3619,0.00067013,0.04504007,0.12834646
OBJ,3620,0.00066993,0.04502762,0.12834646
OBJ,3621,0.00066894,0.04501519,0.12834646
OBJ,3622,0.00066865,0.04500276,0.12834646
OBJ,3623,0.00066834,0.04499034,0.12834646
OBJ,3624,0.00066429,0.04497792,0.12834646
OBJ,3625,0.00066375,0.04496552,0.12834646
OBJ,3626,0.00065800,0.04522890,0.12913386
OBJ,3627,0.00065736,0.04521643,0.12913386
OBJ,3628,0.00065462,0.04520397,0.12913386
OBJ,3629,0.00064992,0.04519151,0.12913386
OBJ,3630,0.00064970,0.04517906,0.12913386
OBJ,3631,0.00064900,0.04516662,0.12913386
OBJ,3632,0.00064832,0.04515419,0.12913386
OBJ,3633,0.00064831,0.04514176,0.12913386
OBJ,3634,0.00064656,0.04512933,0.12913386
OBJ,3635,0.00064619,0.04511692,0.12913386
OBJ,3636,0.00064401,0.04510451,0.12913386
OBJ,3637,0.00064356,0.04509211,0.12913386
OBJ,3638,0.00064150,0.04507971,0.12913386
OBJ,3639,0.00064124,0.04506733,0.12913386
OBJ,3640,0.00064100,0.04505495,0.12913386
OBJ,3641,0.00064053,0.04504257,0.12913386
OBJ,3642,0.00063926,0.04503020,0.12913386
OBJ,3643,0.00063875,0.04501784,0.12913386
OBJ,3644,0.00063682,0.04500549,0.12913386
OBJ,3645,0.00063426,0.04499314,0.12913386
OBJ,3646,0.00063414,0.04498080,0.12913386
OBJ,3647,0.00063233,0.04496847,0.12913386
OBJ,3648,0.00063071,0.04495614,0.12913386
OBJ,3649,0.00062985,0.04494382,0.12913386
OBJ,3650,0.00062803,0.04493151,0.12913386
OBJ,3651,0.00062658,0.04491920,0.12913386
OBJ,3652,0.00062523,0.04490690,0.12913386
OBJ,3653,0.00062482,0.04489461,0.12913386
OBJ,3654,0.00062062,0.04488232,0.12913386
OBJ,3655,0.00062038,0.04487004,0.12913386
OBJ,3656,0.00061729,0.04485777,0.12913386
OBJ,3657,0.00061725,0.04511895,0.12992126
OBJ,3658,0.00061725,0.04510662,0.12992126
OBJ,3659,0.00061490,0.04536759,0.13070866
OBJ,3660,0.00061478,0.04535519,0.13070866
OBJ,3661,0.00061372,0.04534280,0.13070866
OBJ,3662,0.00061241,0.04533042,0.13070866
OBJ,3663,0.00061027,0.04531805,0.13070866
OBJ,3664,0.00060861,0.04530568,0.13070866
OBJ,3665,0.00060843,0.04529332,0.13070866
OBJ,3666,0.00060820,0.04528096,0.13070866
OBJ,3667,0.00060661,0.04526861,0.13070866
OBJ,3668,0.00060234,0.04525627,0.13070866
OBJ,3669,0.00060076,0.04524394,0.13070866
OBJ,3670,0.00060043,0.04523161,0.13070866
OBJ,3671,0.00059981,0.04521929,0.13070866
OBJ,3672,0.00059974,0.04520697,0.13070866
OBJ,3673,0.00059747,0.04519466,0.13070866
OBJ,3674,0.00059509,0.04518236,0.13070866
OBJ,3675,0.00059478,0.04517007,0.13070866
OBJ,3676,0.00058915,0.04515778,0.13070866
OBJ,3677,0.00058871,0.04514550,0.13070866
OBJ,3678,0.00058855,0.04513322,0.13070866
OBJ,3679,0.00058804,0.04512096,0.13070866
OBJ,3680,0.00058524,0.04510870,0.13070866
OBJ,3681,0.00058143,0.04509644,0.13070866
OBJ,3682,0.00058107,0.04508419,0.13070866
OBJ,3683,0.00057904,0.04507195,0.13070866
OBJ,3684,0.00057716,0.04505972,0.13070866
OBJ,3685,0.00057634,0.04504749,0.13070866
OBJ,3686,0.00057617,0.04503527,0.13070866
OBJ,3687,0.00057569,0.04502305,0.13070866
OBJ,3688,0.00057376,0.04501085,0.13070866
OBJ,3689,0.00057061,0.04499864,0.13070866
OBJ,3690,0.00057005,0.04498645,0.13070866
OBJ,3691,0.00056893,0.04524519,0.13149606
OBJ,3692,0.00056515,0.04523294,0.13149606
OBJ,3693,0.00056405,0.04522069,0.13149606
OBJ,3694,0.00056139,0.04520845,0.13149606
OBJ,3695,0.00056003,0.04519621,0.13149606
OBJ,3696,0.00055851,0.04518398,0.13149606
OBJ,3697,0.00055850,0.04517176,0.13149606
OBJ,3698,0.00055799,0.04515955,0.13149606
OBJ,3699,0.00055259,0.04514734,0.13149606
OBJ,3700,0.00054800,0.04513514,0.13149606
OBJ,3701,0.00054721,0.04512294,0.13149606
OBJ,3702,0.00054604,0.04511075,0.13149606
OBJ,3703,0.00054593,0.04509857,0.13149606
OBJ,3704,0.00054562,0.04508639,0.13149606
OBJ,3705,0.00054147,0.04507422,0.13149606
OBJ,3706,0.00054080,0.04506206,0.13149606
OBJ,3707,0.00053966,0.04504991,0.13149606
OBJ,3708,0.00053848,0.04503776,0.13149606
OBJ,3709,0.00053836,0.04502561,0.13149606
OBJ,3710,0.00053836,0.04501348,0.13149606
OBJ,3711,0.00053716,0.04500135,0.13149606
OBJ,3712,0.00053636,0.04525862,0.13228346
OBJ,3713,0.00053572,0.04524643,0.13228346
OBJ,3714,0.00053145,0.04523425,0.13228346
OBJ,3715,0.00053083,0.04522207,0.13228346
OBJ,3716,0.00053082,0.04520990,0.13228346
OBJ,3717,0.00052961,0.04519774,0.13228346
OBJ,3718,0.00052594,0.04518558,0.13228346
OBJ,3719,0.00052558,0.04517343,0.13228346
OBJ,3720,0.00052469,0.04516129,0.13228346
OBJ,3721,0.00052455,0.04514915,0.13228346
OBJ,3722,0.00052147,0.04513702,0.13228346
OBJ,3723,0.00052028,0.04512490,0.13228346
OBJ,3724,0.00051872,0.04511278,0.13228346
OBJ,3725,0.00051836,0.04510067,0.13228346
OBJ,3726,0.00051827,0.04508857,0.13228346
OBJ,3727,0.00051762,0.04507647,0.13228346
OBJ,3728,0.00051627,0.04506438,0.13228346
OBJ,3729,0.00051621,0.04505229,0.13228346
OBJ,3730,0.00051366,0.04504021,0.13228346
OBJ,3731,0.00051198,0.04502814,0.13228346
OBJ,3732,0.00051161,0.04501608,0.13228346
OBJ,3733,0.00051083,0.04500402,0.13228346
OBJ,3734,0.00050929,0.04499197,0.13228346
OBJ,3735,0.00050836,0.04497992,0.13228346
OBJ,3736,0.00050831,0.04523555,0.13307087
OBJ,3737,0.00050291,0.04522344,0.13307087
OBJ,3738,0.00050088,0.04521134,0.13307087
OBJ,3739,0.00049777,0.04519925,0.13307087
OBJ,3740,0.00049529,0.04518717,0.13307087
OBJ,3741,0.00049493,0.04517509,0.13307087
OBJ,3742,0.00049186,0.04516301,0.13307087
OBJ,3743,0.00049043,0.04515095,0.13307087
OBJ,3744,0.00048845,0.04513889,0.13307087
OBJ,3745,0.00048698,0.04512684,0.13307087
OBJ,3746,0.00048605,0.04511479,0.13307087
OBJ,3747,0.00048558,0.04510275,0.13307087
OBJ,3748,0.00048544,0.04509072,0.13307087
OBJ,3749,0.00048358,0.04507869,0.13307087
OBJ,3750,0.00048137,0.04506667,0.13307087
OBJ,3751,0.00048030,0.04505465,0.13307087
OBJ,3752,0.00047568,0.04504264,0.13307087
OBJ,3753,0.00047323,0.04503064,0.13307087
OBJ,3754,0.00047246,0.04528503,0.13385827
OBJ,3755,0.00047009,0.04527297,0.13385827
OBJ,3756,0.00046918,0.04526092,0.13385827
OBJ,3757,0.00046828,0.04524887,0.13385827
OBJ,3758,0.00046719,0.04523683,0.13385827
OBJ,3759,0.00046519,0.04522479,0.13385827
OBJ,3760,0.00046115,0.04521277,0.13385827
OBJ,3761,0.00045976,0.04520074,0.13385827
OBJ,3762,0.00045217,0.04545455,0.13464567
OBJ,3763,0.00045167,0.04544247,0.13464567
OBJ,3764,0.00045127,0.04543039,0.13464567
OBJ,3765,0.00044995,0.04541833,0.13464567
OBJ,3766,0.00044970,0.04540627,0.13464567
OBJ,3767,0.00044857,0.04539421,0.13464567
OBJ,3768,0.00044791,0.04538217,0.13464567
OBJ,3769,0.00044790,0.04537012,0.13464567
OBJ,3770,0.00044736,0.04535809,0.13464567
OBJ,3771,0.00044615,0.04534606,0.13464567
OBJ,3772,0.00044377,0.04533404,0.13464567
OBJ,3773,0.00044165,0.04532202,0.13464567
OBJ,3774,0.00044127,0.04531002,0.13464567
OBJ,3775,0.00044109,0.04529801,0.13464567
OBJ,3776,0.00044108,0.04528602,0.13464567
OBJ,3777,0.00043487,0.04527403,0.13464567
OBJ,3778,0.00043443,0.04552673,0.13543307
OBJ,3779,0.00043348,0.04551469,0.13543307
OBJ,3780,0.00043067,0.04550265,0.13543307
OBJ,3781,0.00042768,0.04549061,0.13543307
OBJ,3782,0.00042667,0.04547858,0.13543307
OBJ,3783,0.00042583,0.04546656,0.13543307
OBJ,3784,0.00042567,0.04545455,0.13543307
OBJ,3785,0.00042335,0.04544254,0.13543307
OBJ,3786,0.00042197,0.04543053,0.13543307
OBJ,3787,0.00041931,0.04541854,0.13543307
OBJ,3788,0.00041857,0.04540655,0.13543307
OBJ,3789,0.00041709,0.04539456,0.13543307
OBJ,3790,0.00040932,0.04538259,0.13543307
OBJ,3791,0.00040929,0.04537061,0.13543307
OBJ,3792,0.00040920,0.04535865,0.13543307
OBJ,3793,0.00040425,0.04534669,0.13543307
OBJ,3794,0.00040336,0.04533474,0.13543307
OBJ,3795,0.00040096,0.04558630,0.13622047
OBJ,3796,0.00039892,0.04557429,0.13622047
OBJ,3797,0.00039862,0.04556229,0.13622047
OBJ,3798,0.00039828,0.04555029,0.13622047
OBJ,3799,0.00039738,0.04553830,0.13622047
OBJ,3800,0.00039691,0.04552632,0.13622047
OBJ,3801,0.00039395,0.04551434,0.13622047
OBJ,3802,0.00039319,0.04550237,0.13622047
OBJ,3803,0.00039241,0.04549040,0.13622047
OBJ,3804,0.00038527,0.04547844,0.13622047
OBJ,3805,0.00038423,0.04546649,0.13622047
OBJ,3806,0.00038365,0.04545455,0.13622047
OBJ,3807,0.00038237,0.04544261,0.13622047
OBJ,3808,0.00037741,0.04543067,0.13622047
OBJ,3809,0.00037556,0.04541875,0.13622047
OBJ,3810,0.00037456,0.04540682,0.13622047
OBJ,3811,0.00036908,0.04539491,0.13622047
OBJ,3812,0.00036136,0.04538300,0.13622047
OBJ,3813,0.00035892,0.04537110,0.13622047
OBJ,3814,0.00035355,0.04535920,0.13622047
OBJ,3815,0.00034970,0.04534731,0.13622047
OBJ,3816,0.00034963,0.04533543,0.13622047
OBJ,3817,0.00034931,0.04532355,0.13622047
OBJ,3818,0.00034920,0.04531168,0.13622047
OBJ,3819,0.00034883,0.04529982,0.13622047
OBJ,3820,0.00034859,0.04528796,0.13622047
OBJ,3821,0.00034309,0.04527611,0.13622047
OBJ,3822,0.00034241,0.04526426,0.13622047
OBJ,3823,0.00033903,0.04525242,0.13622047
OBJ,3824,0.00033789,0.04524059,0.13622047
OBJ,3825,0.00033665,0.04522876,0.13622047
OBJ,3826,0.00033585,0.04521694,0.13622047
OBJ,3827,0.00033355,0.04520512,0.13622047
OBJ,3828,0.00032983,0.04519331,0.13622047
OBJ,3829,0.00032695,0.04518151,0.13622047
OBJ,3830,0.00032475,0.04516971,0.13622047
OBJ,3831,0.00031920,0.04515792,0.13622047
OBJ,3832,0.00031708,0.04514614,0.13622047
OBJ,3833,0.00031138,0.04513436,0.13622047
OBJ,3834,0.00030450,0.04512259,0.13622047
OBJ,3835,0.00030116,0.04511082,0.13622047
OBJ,3836,0.00030073,0.04509906,0.13622047
OBJ,3837,0.00029988,0.04508731,0.13622047
OBJ,3838,0.00029158,0.04507556,0.13622047
OBJ,3839,0.00029128,0.04506382,0.13622047
OBJ,3840,0.00028194,0.04505208,0.13622047
OBJ,3841,0.00027896,0.04504035,0.13622047
OBJ,3842,0.00027836,0.04502863,0.13622047
OBJ,3843,0.00027467,0.04501691,0.13622047
OBJ,3844,0.00027384,0.04500520,0.13622047
OBJ,3845,0.00027002,0.04499350,0.13622047
OBJ,3846,0.00026448,0.04498180,0.13622047
OBJ,3847,0.00025832,0.04523005,0.13700787
OBJ,3848,0.00025757,0.04521830,0.13700787
OBJ,3849,0.00025614,0.04520655,0.13700787
OBJ,3850,0.00025383,0.04519481,0.13700787
OBJ,3851,0.00025294,0.04518307,0.13700787
OBJ,3852,0.00025259,0.04517134,0.13700787
OBJ,3853,0.00025219,0.04515962,0.13700787
OBJ,3854,0.00024730,0.04514790,0.13700787
OBJ,3855,0.00023205,0.04513619,0.13700787
OBJ,3856,0.00023121,0.04512448,0.13700787
OBJ,3857,0.00021965,0.04511278,0.13700787
OBJ,3858,0.00021622,0.04510109,0.13700787
OBJ,3859,0.00020964,0.04508940,0.13700787
OBJ,3860,0.00019514,0.04507772,0.13700787
OBJ,3861,0.00019322,0.04506605,0.13700787
OBJ,3862,0.00011481,0.04505438,0.13700787
